timestamp,architecture,file_size_label,file_size_mb,clients,pool_size,repetition,client_id,time_seconds,bytes_received,throughput_mb_s,success
2026-10-04T20:01:08.013901,sequential,5MB,5.00,1,N/A,1,1,0.008459,5242880,591.0515,True
2026-10-04T20:01:08.188185,sequential,5MB,5.00,1,N/A,2,1,0.009656,5242880,517.8342,True
2026-10-04T20:01:08.350349,sequential,5MB,5.00,1,N/A,3,1,0.008884,5242880,562.8286,True
2026-10-04T20:01:08.509289,sequential,5MB,5.00,1,N/A,4,1,0.005469,5242880,914.3275,True
2026-10-04T20:01:08.667547,sequential,5MB,5.00,1,N/A,5,1,0.004627,5242880,1080.6371,True
2026-10-04T20:01:08.851067,concurrent,5MB,5.00,1,N/A,1,1,0.006810,5242880,734.1928,True
2026-10-04T20:01:09.021045,concurrent,5MB,5.00,1,N/A,2,1,0.006170,5242880,810.3202,True
2026-10-04T20:01:09.197249,concurrent,5MB,5.00,1,N/A,3,1,0.009361,5242880,534.1310,True
2026-10-04T20:01:09.367402,concurrent,5MB,5.00,1,N/A,4,1,0.007671,5242880,651.7970,True
2026-10-04T20:01:09.552556,concurrent,5MB,5.00,1,N/A,5,1,0.007364,5242880,679.0065,True
2026-10-04T20:01:09.735579,pool,5MB,5.00,1,2,1,1,0.005626,5242880,888.7941,True
2026-10-04T20:01:09.905206,pool,5MB,5.00,1,2,2,1,0.005411,5242880,923.9753,True
2026-10-04T20:01:10.077493,pool,5MB,5.00,1,2,3,1,0.005723,5242880,873.6982,True
2026-10-04T20:01:10.262948,pool,5MB,5.00,1,2,4,1,0.006941,5242880,720.3365,True
2026-10-04T20:01:10.447364,pool,5MB,5.00,1,2,5,1,0.007632,5242880,655.1706,True
2026-10-04T20:01:10.609363,pool,5MB,5.00,1,4,1,1,0.007838,5242880,637.9260,True
2026-10-04T20:01:10.785410,pool,5MB,5.00,1,4,2,1,0.014034,5242880,356.2802,True
2026-10-04T20:01:10.973303,pool,5MB,5.00,1,4,3,1,0.008801,5242880,568.1431,True
2026-10-04T20:01:11.139087,pool,5MB,5.00,1,4,4,1,0.010833,5242880,461.5527,True
2026-10-04T20:01:11.354077,pool,5MB,5.00,1,4,5,1,0.005678,5242880,880.5142,True
2026-10-04T20:01:11.516865,pool,5MB,5.00,1,8,1,1,0.009047,5242880,552.6694,True
2026-10-04T20:01:11.699831,pool,5MB,5.00,1,8,2,1,0.011307,5242880,442.2196,True
2026-10-04T20:01:11.884847,pool,5MB,5.00,1,8,3,1,0.009333,5242880,535.7277,True
2026-10-04T20:01:12.071279,pool,5MB,5.00,1,8,4,1,0.009179,5242880,544.6920,True
2026-10-04T20:01:12.255914,pool,5MB,5.00,1,8,5,1,0.008557,5242880,584.3306,True
2026-10-04T20:01:12.622791,p2p,5MB,5.00,1,N/A,1,1,0.246425,5242880,20.2901,True
2026-10-04T20:01:13.137739,p2p,5MB,5.00,1,N/A,2,1,0.403427,5242880,12.3938,True
2026-10-04T20:01:13.611504,p2p,5MB,5.00,1,N/A,3,1,0.360642,5242880,13.8641,True
2026-10-04T20:01:14.135848,p2p,5MB,5.00,1,N/A,4,1,0.413018,5242880,12.1060,True
2026-10-04T20:01:14.593787,p2p,5MB,5.00,1,N/A,5,1,0.348854,5242880,14.3326,True
2026-10-04T20:01:14.763353,sequential,5MB,5.00,2,N/A,1,1,0.013943,5242880,358.6055,True
2026-10-04T20:01:14.764143,sequential,5MB,5.00,2,N/A,1,2,0.006280,5242880,796.1276,True
2026-10-04T20:01:14.941837,sequential,5MB,5.00,2,N/A,2,1,0.007467,5242880,669.5950,True
2026-10-04T20:01:14.942304,sequential,5MB,5.00,2,N/A,2,2,0.012440,5242880,401.9196,True
2026-10-04T20:01:15.107937,sequential,5MB,5.00,2,N/A,3,1,0.006766,5242880,739.0000,True
2026-10-04T20:01:15.108310,sequential,5MB,5.00,2,N/A,3,2,0.011395,5242880,438.7889,True
2026-10-04T20:01:15.273461,sequential,5MB,5.00,2,N/A,4,1,0.005731,5242880,872.4329,True
2026-10-04T20:01:15.274141,sequential,5MB,5.00,2,N/A,4,2,0.011100,5242880,450.4545,True
2026-10-04T20:01:15.457969,sequential,5MB,5.00,2,N/A,5,1,0.029979,5242880,166.7812,True
2026-10-04T20:01:15.458442,sequential,5MB,5.00,2,N/A,5,2,0.008765,5242880,570.4767,True
2026-10-04T20:01:15.632058,concurrent,5MB,5.00,2,N/A,1,1,0.011820,5242880,423.0154,True
2026-10-04T20:01:15.632568,concurrent,5MB,5.00,2,N/A,1,2,0.017086,5242880,292.6372,True
2026-10-04T20:01:15.822611,concurrent,5MB,5.00,2,N/A,2,1,0.015053,5242880,332.1707,True
2026-10-04T20:01:15.830943,concurrent,5MB,5.00,2,N/A,2,2,0.012593,5242880,397.0302,True
2026-10-04T20:01:16.087304,concurrent,5MB,5.00,2,N/A,3,1,0.067511,5242880,74.0616,True
2026-10-04T20:01:16.087916,concurrent,5MB,5.00,2,N/A,3,2,0.037991,5242880,131.6087,True
2026-10-04T20:01:16.338949,concurrent,5MB,5.00,2,N/A,4,1,0.023497,5242880,212.7913,True
2026-10-04T20:01:16.339614,concurrent,5MB,5.00,2,N/A,4,2,0.014100,5242880,354.5974,True
2026-10-04T20:01:16.534822,concurrent,5MB,5.00,2,N/A,5,1,0.019743,5242880,253.2569,True
2026-10-04T20:01:16.535778,concurrent,5MB,5.00,2,N/A,5,2,0.020969,5242880,238.4461,True
2026-10-04T20:01:16.706427,pool,5MB,5.00,2,2,1,1,0.011844,5242880,422.1618,True
2026-10-04T20:01:16.706916,pool,5MB,5.00,2,2,1,2,0.015539,5242880,321.7752,True
2026-10-04T20:01:16.917600,pool,5MB,5.00,2,2,2,1,0.009265,5242880,539.6771,True
2026-10-04T20:01:16.918117,pool,5MB,5.00,2,2,2,2,0.008137,5242880,614.4846,True
2026-10-04T20:01:17.084544,pool,5MB,5.00,2,2,3,1,0.012773,5242880,391.4415,True
2026-10-04T20:01:17.085028,pool,5MB,5.00,2,2,3,2,0.011127,5242880,449.3574,True
2026-10-04T20:01:17.258261,pool,5MB,5.00,2,2,4,1,0.012998,5242880,384.6894,True
2026-10-04T20:01:17.258849,pool,5MB,5.00,2,2,4,2,0.016739,5242880,298.7054,True
2026-10-04T20:01:17.430675,pool,5MB,5.00,2,2,5,1,0.011468,5242880,435.9996,True
2026-10-04T20:01:17.431567,pool,5MB,5.00,2,2,5,2,0.010912,5242880,458.2027,True
2026-10-04T20:01:17.634907,pool,5MB,5.00,2,4,1,1,0.026699,5242880,187.2722,True
2026-10-04T20:01:17.635363,pool,5MB,5.00,2,4,1,2,0.020241,5242880,247.0209,True
2026-10-04T20:01:17.831696,pool,5MB,5.00,2,4,2,1,0.008970,5242880,557.4074,True
2026-10-04T20:01:17.832365,pool,5MB,5.00,2,4,2,2,0.009419,5242880,530.8476,True
2026-10-04T20:01:18.006980,pool,5MB,5.00,2,4,3,1,0.016391,5242880,305.0436,True
2026-10-04T20:01:18.007522,pool,5MB,5.00,2,4,3,2,0.014942,5242880,334.6362,True
2026-10-04T20:01:18.181193,pool,5MB,5.00,2,4,4,1,0.013775,5242880,362.9738,True
2026-10-04T20:01:18.181815,pool,5MB,5.00,2,4,4,2,0.014347,5242880,348.5146,True
2026-10-04T20:01:18.353359,pool,5MB,5.00,2,4,5,1,0.012130,5242880,412.1978,True
2026-10-04T20:01:18.354369,pool,5MB,5.00,2,4,5,2,0.015297,5242880,326.8700,True
2026-10-04T20:01:18.523394,pool,5MB,5.00,2,8,1,1,0.012262,5242880,407.7638,True
2026-10-04T20:01:18.523871,pool,5MB,5.00,2,8,1,2,0.012422,5242880,402.5214,True
2026-10-04T20:01:18.699040,pool,5MB,5.00,2,8,2,1,0.015553,5242880,321.4773,True
2026-10-04T20:01:18.699651,pool,5MB,5.00,2,8,2,2,0.015940,5242880,313.6822,True
2026-10-04T20:01:18.867103,pool,5MB,5.00,2,8,3,1,0.010341,5242880,483.5263,True
2026-10-04T20:01:18.867610,pool,5MB,5.00,2,8,3,2,0.011482,5242880,435.4756,True
2026-10-04T20:01:19.041842,pool,5MB,5.00,2,8,4,1,0.011909,5242880,419.8505,True
2026-10-04T20:01:19.042429,pool,5MB,5.00,2,8,4,2,0.006925,5242880,722.0217,True
2026-10-04T20:01:19.220002,pool,5MB,5.00,2,8,5,1,0.009984,5242880,500.8213,True
2026-10-04T20:01:19.220423,pool,5MB,5.00,2,8,5,2,0.018487,5242880,270.4632,True
2026-10-04T20:01:19.619958,p2p,5MB,5.00,2,N/A,1,1,0.277960,5242880,17.9882,True
2026-10-04T20:01:19.620483,p2p,5MB,5.00,2,N/A,1,2,0.236262,5242880,21.1630,True
2026-10-04T20:01:19.985564,p2p,5MB,5.00,2,N/A,2,1,0.196671,5242880,25.4231,True
2026-10-04T20:01:19.986069,p2p,5MB,5.00,2,N/A,2,2,0.244432,5242880,20.4556,True
2026-10-04T20:01:20.370212,p2p,5MB,5.00,2,N/A,3,1,0.249712,5242880,20.0231,True
2026-10-04T20:01:20.370734,p2p,5MB,5.00,2,N/A,3,2,0.264432,5242880,18.9085,True
2026-10-04T20:01:20.760860,p2p,5MB,5.00,2,N/A,4,1,0.275780,5242880,18.1304,True
2026-10-04T20:01:20.762338,p2p,5MB,5.00,2,N/A,4,2,0.209209,5242880,23.8996,True
2026-10-04T20:01:21.169408,p2p,5MB,5.00,2,N/A,5,1,0.214161,5242880,23.3469,True
2026-10-04T20:01:21.169749,p2p,5MB,5.00,2,N/A,5,2,0.292983,5242880,17.0658,True
2026-10-04T20:01:21.362791,sequential,5MB,5.00,4,N/A,1,1,0.019483,5242880,256.6287,True
2026-10-04T20:01:21.363432,sequential,5MB,5.00,4,N/A,1,2,0.010882,5242880,459.4786,True
2026-10-04T20:01:21.371843,sequential,5MB,5.00,4,N/A,1,3,0.037290,5242880,134.0835,True
2026-10-04T20:01:21.372567,sequential,5MB,5.00,4,N/A,1,4,0.029838,5242880,167.5727,True
2026-10-04T20:01:21.557544,sequential,5MB,5.00,4,N/A,2,1,0.014832,5242880,337.1203,True
2026-10-04T20:01:21.557923,sequential,5MB,5.00,4,N/A,2,2,0.022649,5242880,220.7593,True
2026-10-04T20:01:21.558346,sequential,5MB,5.00,4,N/A,2,3,0.029459,5242880,169.7251,True
2026-10-04T20:01:21.558692,sequential,5MB,5.00,4,N/A,2,4,0.009510,5242880,525.7458,True
2026-10-04T20:01:21.742015,sequential,5MB,5.00,4,N/A,3,1,0.022595,5242880,221.2928,True
2026-10-04T20:01:21.742416,sequential,5MB,5.00,4,N/A,3,2,0.014120,5242880,354.1026,True
2026-10-04T20:01:21.742708,sequential,5MB,5.00,4,N/A,3,3,0.008328,5242880,600.3698,True
2026-10-04T20:01:21.742970,sequential,5MB,5.00,4,N/A,3,4,0.027952,5242880,178.8774,True
2026-10-04T20:01:21.923512,sequential,5MB,5.00,4,N/A,4,1,0.019690,5242880,253.9360,True
2026-10-04T20:01:21.923874,sequential,5MB,5.00,4,N/A,4,2,0.010711,5242880,466.8273,True
2026-10-04T20:01:21.924167,sequential,5MB,5.00,4,N/A,4,3,0.007370,5242880,678.4261,True
2026-10-04T20:01:21.924469,sequential,5MB,5.00,4,N/A,4,4,0.024946,5242880,200.4305,True
2026-10-04T20:01:22.104607,sequential,5MB,5.00,4,N/A,5,1,0.011840,5242880,422.2830,True
2026-10-04T20:01:22.105017,sequential,5MB,5.00,4,N/A,5,2,0.020466,5242880,244.3029,True
2026-10-04T20:01:22.105399,sequential,5MB,5.00,4,N/A,5,3,0.025227,5242880,198.1980,True
2026-10-04T20:01:22.105710,sequential,5MB,5.00,4,N/A,5,4,0.007235,5242880,691.0468,True
2026-10-04T20:01:22.287753,concurrent,5MB,5.00,4,N/A,1,1,0.020800,5242880,240.3846,True
2026-10-04T20:01:22.288274,concurrent,5MB,5.00,4,N/A,1,2,0.020837,5242880,239.9520,True
2026-10-04T20:01:22.288702,concurrent,5MB,5.00,4,N/A,1,3,0.020810,5242880,240.2714,True
2026-10-04T20:01:22.289082,concurrent,5MB,5.00,4,N/A,1,4,0.015871,5242880,315.0380,True
2026-10-04T20:01:22.466131,concurrent,5MB,5.00,4,N/A,2,1,0.022093,5242880,226.3211,True
2026-10-04T20:01:22.466895,concurrent,5MB,5.00,4,N/A,2,2,0.021359,5242880,234.0890,True
2026-10-04T20:01:22.467550,concurrent,5MB,5.00,4,N/A,2,3,0.020238,5242880,247.0612,True
2026-10-04T20:01:22.468153,concurrent,5MB,5.00,4,N/A,2,4,0.018994,5242880,263.2396,True
2026-10-04T20:01:22.650176,concurrent,5MB,5.00,4,N/A,3,1,0.027403,5242880,182.4604,True
2026-10-04T20:01:22.650888,concurrent,5MB,5.00,4,N/A,3,2,0.022960,5242880,217.7719,True
2026-10-04T20:01:22.651661,concurrent,5MB,5.00,4,N/A,3,3,0.023646,5242880,211.4523,True
2026-10-04T20:01:22.652176,concurrent,5MB,5.00,4,N/A,3,4,0.026178,5242880,191.0001,True
2026-10-04T20:01:22.830963,concurrent,5MB,5.00,4,N/A,4,1,0.016331,5242880,306.1662,True
2026-10-04T20:01:22.831579,concurrent,5MB,5.00,4,N/A,4,2,0.018273,5242880,273.6233,True
2026-10-04T20:01:22.833260,concurrent,5MB,5.00,4,N/A,4,3,0.017243,5242880,289.9761,True
2026-10-04T20:01:22.834167,concurrent,5MB,5.00,4,N/A,4,4,0.022817,5242880,219.1368,True
2026-10-04T20:01:23.004937,concurrent,5MB,5.00,4,N/A,5,1,0.015431,5242880,324.0231,True
2026-10-04T20:01:23.005352,concurrent,5MB,5.00,4,N/A,5,2,0.015948,5242880,313.5229,True
2026-10-04T20:01:23.005678,concurrent,5MB,5.00,4,N/A,5,3,0.016777,5242880,298.0253,True
2026-10-04T20:01:23.005989,concurrent,5MB,5.00,4,N/A,5,4,0.016782,5242880,297.9471,True
2026-10-04T20:01:23.180234,pool,5MB,5.00,4,2,1,1,0.018712,5242880,267.2111,True
2026-10-04T20:01:23.180752,pool,5MB,5.00,4,2,1,2,0.011379,5242880,439.4098,True
2026-10-04T20:01:23.181097,pool,5MB,5.00,4,2,1,3,0.018277,5242880,273.5739,True
2026-10-04T20:01:23.181884,pool,5MB,5.00,4,2,1,4,0.010244,5242880,488.1001,True
2026-10-04T20:01:23.357316,pool,5MB,5.00,4,2,2,1,0.007025,5242880,711.7134,True
2026-10-04T20:01:23.357775,pool,5MB,5.00,4,2,2,2,0.017601,5242880,284.0699,True
2026-10-04T20:01:23.358101,pool,5MB,5.00,4,2,2,3,0.020434,5242880,244.6902,True
2026-10-04T20:01:23.358470,pool,5MB,5.00,4,2,2,4,0.009021,5242880,554.2438,True
2026-10-04T20:01:23.533662,pool,5MB,5.00,4,2,3,1,0.018198,5242880,274.7509,True
2026-10-04T20:01:23.534519,pool,5MB,5.00,4,2,3,2,0.010201,5242880,490.1672,True
2026-10-04T20:01:23.534954,pool,5MB,5.00,4,2,3,3,0.009848,5242880,507.7431,True
2026-10-04T20:01:23.535327,pool,5MB,5.00,4,2,3,4,0.018724,5242880,267.0355,True
2026-10-04T20:01:23.714632,pool,5MB,5.00,4,2,4,1,0.020565,5242880,243.1280,True
2026-10-04T20:01:23.715158,pool,5MB,5.00,4,2,4,2,0.008176,5242880,611.5236,True
2026-10-04T20:01:23.719722,pool,5MB,5.00,4,2,4,3,0.007147,5242880,699.5649,True
2026-10-04T20:01:23.720134,pool,5MB,5.00,4,2,4,4,0.014478,5242880,345.3468,True
2026-10-04T20:01:23.901218,pool,5MB,5.00,4,2,5,1,0.018780,5242880,266.2464,True
2026-10-04T20:01:23.901653,pool,5MB,5.00,4,2,5,2,0.014387,5242880,347.5263,True
2026-10-04T20:01:23.902129,pool,5MB,5.00,4,2,5,3,0.010078,5242880,496.1253,True
2026-10-04T20:01:23.902452,pool,5MB,5.00,4,2,5,4,0.007915,5242880,631.7359,True
2026-10-04T20:01:24.074823,pool,5MB,5.00,4,4,1,1,0.017152,5242880,291.5095,True
2026-10-04T20:01:24.075208,pool,5MB,5.00,4,4,1,2,0.016871,5242880,296.3718,True
2026-10-04T20:01:24.075623,pool,5MB,5.00,4,4,1,3,0.016034,5242880,311.8393,True
2026-10-04T20:01:24.075998,pool,5MB,5.00,4,4,1,4,0.015795,5242880,316.5539,True
2026-10-04T20:01:24.250797,pool,5MB,5.00,4,4,2,1,0.017375,5242880,287.7731,True
2026-10-04T20:01:24.251222,pool,5MB,5.00,4,4,2,2,0.016865,5242880,296.4790,True
2026-10-04T20:01:24.251552,pool,5MB,5.00,4,4,2,3,0.018385,5242880,271.9579,True
2026-10-04T20:01:24.251884,pool,5MB,5.00,4,4,2,4,0.017275,5242880,289.4306,True
2026-10-04T20:01:24.427888,pool,5MB,5.00,4,4,3,1,0.019226,5242880,260.0618,True
2026-10-04T20:01:24.429311,pool,5MB,5.00,4,4,3,2,0.017122,5242880,292.0271,True
2026-10-04T20:01:24.430318,pool,5MB,5.00,4,4,3,3,0.019958,5242880,250.5274,True
2026-10-04T20:01:24.430911,pool,5MB,5.00,4,4,3,4,0.021500,5242880,232.5571,True
2026-10-04T20:01:24.602895,pool,5MB,5.00,4,4,4,1,0.014472,5242880,345.4876,True
2026-10-04T20:01:24.603268,pool,5MB,5.00,4,4,4,2,0.016746,5242880,298.5841,True
2026-10-04T20:01:24.603633,pool,5MB,5.00,4,4,4,3,0.016111,5242880,310.3431,True
2026-10-04T20:01:24.603961,pool,5MB,5.00,4,4,4,4,0.015589,5242880,320.7308,True
2026-10-04T20:01:24.782543,pool,5MB,5.00,4,4,5,1,0.014128,5242880,353.9046,True
2026-10-04T20:01:24.783413,pool,5MB,5.00,4,4,5,2,0.013193,5242880,378.9774,True
2026-10-04T20:01:24.783916,pool,5MB,5.00,4,4,5,3,0.006453,5242880,774.8214,True
2026-10-04T20:01:24.784313,pool,5MB,5.00,4,4,5,4,0.013793,5242880,362.5106,True
2026-10-04T20:01:25.041171,pool,5MB,5.00,4,8,1,1,0.022840,5242880,218.9094,True
2026-10-04T20:01:25.041670,pool,5MB,5.00,4,8,1,2,0.014120,5242880,354.0976,True
2026-10-04T20:01:25.042072,pool,5MB,5.00,4,8,1,3,0.014420,5242880,346.7454,True
2026-10-04T20:01:25.042454,pool,5MB,5.00,4,8,1,4,0.026339,5242880,189.8297,True
2026-10-04T20:01:25.227169,pool,5MB,5.00,4,8,2,1,0.011725,5242880,426.4283,True
2026-10-04T20:01:25.227633,pool,5MB,5.00,4,8,2,2,0.012582,5242880,397.3773,True
2026-10-04T20:01:25.228672,pool,5MB,5.00,4,8,2,3,0.004790,5242880,1043.9067,True
2026-10-04T20:01:25.229329,pool,5MB,5.00,4,8,2,4,0.012110,5242880,412.8990,True
2026-10-04T20:01:25.406721,pool,5MB,5.00,4,8,3,1,0.019878,5242880,251.5331,True
2026-10-04T20:01:25.407237,pool,5MB,5.00,4,8,3,2,0.020470,5242880,244.2587,True
2026-10-04T20:01:25.407664,pool,5MB,5.00,4,8,3,3,0.021451,5242880,233.0861,True
2026-10-04T20:01:25.408057,pool,5MB,5.00,4,8,3,4,0.021241,5242880,235.3916,True
2026-10-04T20:01:25.582729,pool,5MB,5.00,4,8,4,1,0.016519,5242880,302.6818,True
2026-10-04T20:01:25.583215,pool,5MB,5.00,4,8,4,2,0.018096,5242880,276.3103,True
2026-10-04T20:01:25.583630,pool,5MB,5.00,4,8,4,3,0.014912,5242880,335.3049,True
2026-10-04T20:01:25.583961,pool,5MB,5.00,4,8,4,4,0.016290,5242880,306.9330,True
2026-10-04T20:01:25.766257,pool,5MB,5.00,4,8,5,1,0.024949,5242880,200.4056,True
2026-10-04T20:01:25.766721,pool,5MB,5.00,4,8,5,2,0.021410,5242880,233.5314,True
2026-10-04T20:01:25.767100,pool,5MB,5.00,4,8,5,3,0.024958,5242880,200.3374,True
2026-10-04T20:01:25.767518,pool,5MB,5.00,4,8,5,4,0.020985,5242880,238.2654,True
2026-10-04T20:01:26.103207,p2p,5MB,5.00,4,N/A,1,1,0.199217,5242880,25.0983,True
2026-10-04T20:01:26.103876,p2p,5MB,5.00,4,N/A,1,2,0.205761,5242880,24.3000,True
2026-10-04T20:01:26.104381,p2p,5MB,5.00,4,N/A,1,3,0.205971,5242880,24.2753,True
2026-10-04T20:01:26.104858,p2p,5MB,5.00,4,N/A,1,4,0.200590,5242880,24.9264,True
2026-10-04T20:01:26.441269,p2p,5MB,5.00,4,N/A,2,1,0.179309,5242880,27.8848,True
2026-10-04T20:01:26.441698,p2p,5MB,5.00,4,N/A,2,2,0.180697,5242880,27.6707,True
2026-10-04T20:01:26.441992,p2p,5MB,5.00,4,N/A,2,3,0.209279,5242880,23.8916,True
2026-10-04T20:01:26.442259,p2p,5MB,5.00,4,N/A,2,4,0.175109,5242880,28.5536,True
2026-10-04T20:01:26.797736,p2p,5MB,5.00,4,N/A,3,1,0.227026,5242880,22.0239,True
2026-10-04T20:01:26.798689,p2p,5MB,5.00,4,N/A,3,2,0.196506,5242880,25.4446,True
2026-10-04T20:01:26.799088,p2p,5MB,5.00,4,N/A,3,3,0.181933,5242880,27.4827,True
2026-10-04T20:01:26.799457,p2p,5MB,5.00,4,N/A,3,4,0.205450,5242880,24.3368,True
2026-10-04T20:01:27.101850,p2p,5MB,5.00,4,N/A,4,1,0.168272,5242880,29.7138,True
2026-10-04T20:01:27.102280,p2p,5MB,5.00,4,N/A,4,2,0.168890,5242880,29.6050,True
2026-10-04T20:01:27.102568,p2p,5MB,5.00,4,N/A,4,3,0.173517,5242880,28.8156,True
2026-10-04T20:01:27.102829,p2p,5MB,5.00,4,N/A,4,4,0.175559,5242880,28.4804,True
2026-10-04T20:01:27.507505,p2p,5MB,5.00,4,N/A,5,1,0.184859,5242880,27.0476,True
2026-10-04T20:01:27.507929,p2p,5MB,5.00,4,N/A,5,2,0.279200,5242880,17.9083,True
2026-10-04T20:01:27.508250,p2p,5MB,5.00,4,N/A,5,3,0.183488,5242880,27.2497,True
2026-10-04T20:01:27.508614,p2p,5MB,5.00,4,N/A,5,4,0.230110,5242880,21.7288,True
2026-10-04T20:01:27.728816,sequential,5MB,5.00,8,N/A,1,1,0.009077,5242880,550.8246,True
2026-10-04T20:01:27.729715,sequential,5MB,5.00,8,N/A,1,2,0.019003,5242880,263.1136,True
2026-10-04T20:01:27.730233,sequential,5MB,5.00,8,N/A,1,3,0.050850,5242880,98.3288,True
2026-10-04T20:01:27.730711,sequential,5MB,5.00,8,N/A,1,4,0.056330,5242880,88.7626,True
2026-10-04T20:01:27.731142,sequential,5MB,5.00,8,N/A,1,5,0.060920,5242880,82.0755,True
2026-10-04T20:01:27.731910,sequential,5MB,5.00,8,N/A,1,6,0.027296,5242880,183.1750,True
2026-10-04T20:01:27.732369,sequential,5MB,5.00,8,N/A,1,7,0.042427,5242880,117.8500,True
2026-10-04T20:01:27.732749,sequential,5MB,5.00,8,N/A,1,8,0.036039,5242880,138.7397,True
2026-10-04T20:01:27.935286,sequential,5MB,5.00,8,N/A,2,1,0.014198,5242880,352.1524,True
2026-10-04T20:01:27.935753,sequential,5MB,5.00,8,N/A,2,2,0.039912,5242880,125.2765,True
2026-10-04T20:01:27.936257,sequential,5MB,5.00,8,N/A,2,3,0.029509,5242880,169.4375,True
2026-10-04T20:01:27.936617,sequential,5MB,5.00,8,N/A,2,4,0.007003,5242880,713.9797,True
2026-10-04T20:01:27.936956,sequential,5MB,5.00,8,N/A,2,5,0.023063,5242880,216.7993,True
2026-10-04T20:01:27.937248,sequential,5MB,5.00,8,N/A,2,6,0.034451,5242880,145.1324,True
2026-10-04T20:01:27.937523,sequential,5MB,5.00,8,N/A,2,7,0.047128,5242880,106.0945,True
2026-10-04T20:01:27.937798,sequential,5MB,5.00,8,N/A,2,8,0.017860,5242880,279.9489,True
2026-10-04T20:01:28.151862,sequential,5MB,5.00,8,N/A,3,1,0.045617,5242880,109.6071,True
2026-10-04T20:01:28.152243,sequential,5MB,5.00,8,N/A,3,2,0.051251,5242880,97.5589,True
2026-10-04T20:01:28.152522,sequential,5MB,5.00,8,N/A,3,3,0.032531,5242880,153.7010,True
2026-10-04T20:01:28.152814,sequential,5MB,5.00,8,N/A,3,4,0.008869,5242880,563.7551,True
2026-10-04T20:01:28.153059,sequential,5MB,5.00,8,N/A,3,5,0.057964,5242880,86.2604,True
2026-10-04T20:01:28.153341,sequential,5MB,5.00,8,N/A,3,6,0.025361,5242880,197.1500,True
2026-10-04T20:01:28.153591,sequential,5MB,5.00,8,N/A,3,7,0.040546,5242880,123.3170,True
2026-10-04T20:01:28.153838,sequential,5MB,5.00,8,N/A,3,8,0.015015,5242880,332.9892,True
2026-10-04T20:01:28.375792,sequential,5MB,5.00,8,N/A,4,1,0.014182,5242880,352.5546,True
2026-10-04T20:01:28.376286,sequential,5MB,5.00,8,N/A,4,2,0.031212,5242880,160.1933,True
2026-10-04T20:01:28.376658,sequential,5MB,5.00,8,N/A,4,3,0.052149,5242880,95.8797,True
2026-10-04T20:01:28.377034,sequential,5MB,5.00,8,N/A,4,4,0.046446,5242880,107.6512,True
2026-10-04T20:01:28.377349,sequential,5MB,5.00,8,N/A,4,5,0.048560,5242880,102.9658,True
2026-10-04T20:01:28.377657,sequential,5MB,5.00,8,N/A,4,6,0.060494,5242880,82.6530,True
2026-10-04T20:01:28.377988,sequential,5MB,5.00,8,N/A,4,7,0.023355,5242880,214.0915,True
2026-10-04T20:01:28.378394,sequential,5MB,5.00,8,N/A,4,8,0.038941,5242880,128.3997,True
2026-10-04T20:01:28.617761,sequential,5MB,5.00,8,N/A,5,1,0.060538,5242880,82.5923,True
2026-10-04T20:01:28.618088,sequential,5MB,5.00,8,N/A,5,2,0.014563,5242880,343.3382,True
2026-10-04T20:01:28.618359,sequential,5MB,5.00,8,N/A,5,3,0.005738,5242880,871.4445,True
2026-10-04T20:01:28.618582,sequential,5MB,5.00,8,N/A,5,4,0.029880,5242880,167.3355,True
2026-10-04T20:01:28.618845,sequential,5MB,5.00,8,N/A,5,5,0.051601,5242880,96.8983,True
2026-10-04T20:01:28.619078,sequential,5MB,5.00,8,N/A,5,6,0.036430,5242880,137.2495,True
2026-10-04T20:01:28.619305,sequential,5MB,5.00,8,N/A,5,7,0.045474,5242880,109.9517,True
2026-10-04T20:01:28.619640,sequential,5MB,5.00,8,N/A,5,8,0.020537,5242880,243.4666,True
2026-10-04T20:01:28.821609,concurrent,5MB,5.00,8,N/A,1,1,0.039050,5242880,128.0413,True
2026-10-04T20:01:28.821940,concurrent,5MB,5.00,8,N/A,1,2,0.039860,5242880,125.4387,True
2026-10-04T20:01:28.822253,concurrent,5MB,5.00,8,N/A,1,3,0.036463,5242880,137.1249,True
2026-10-04T20:01:28.822822,concurrent,5MB,5.00,8,N/A,1,4,0.032157,5242880,155.4862,True
2026-10-04T20:01:28.823451,concurrent,5MB,5.00,8,N/A,1,5,0.040158,5242880,124.5070,True
2026-10-04T20:01:28.823866,concurrent,5MB,5.00,8,N/A,1,6,0.028346,5242880,176.3942,True
2026-10-04T20:01:28.824248,concurrent,5MB,5.00,8,N/A,1,7,0.027502,5242880,181.8043,True
2026-10-04T20:01:28.824569,concurrent,5MB,5.00,8,N/A,1,8,0.038729,5242880,129.1029,True
2026-10-04T20:01:29.024332,concurrent,5MB,5.00,8,N/A,2,1,0.032516,5242880,153.7709,True
2026-10-04T20:01:29.025008,concurrent,5MB,5.00,8,N/A,2,2,0.036991,5242880,135.1676,True
2026-10-04T20:01:29.025528,concurrent,5MB,5.00,8,N/A,2,3,0.029160,5242880,171.4695,True
2026-10-04T20:01:29.026039,concurrent,5MB,5.00,8,N/A,2,4,0.028864,5242880,173.2286,True
2026-10-04T20:01:29.026596,concurrent,5MB,5.00,8,N/A,2,5,0.035242,5242880,141.8754,True
2026-10-04T20:01:29.026889,concurrent,5MB,5.00,8,N/A,2,6,0.029694,5242880,168.3870,True
2026-10-04T20:01:29.027229,concurrent,5MB,5.00,8,N/A,2,7,0.036021,5242880,138.8095,True
2026-10-04T20:01:29.027701,concurrent,5MB,5.00,8,N/A,2,8,0.029132,5242880,171.6349,True
2026-10-04T20:01:29.224885,concurrent,5MB,5.00,8,N/A,3,1,0.033316,5242880,150.0767,True
2026-10-04T20:01:29.225240,concurrent,5MB,5.00,8,N/A,3,2,0.039438,5242880,126.7800,True
2026-10-04T20:01:29.225512,concurrent,5MB,5.00,8,N/A,3,3,0.037148,5242880,134.5964,True
2026-10-04T20:01:29.225799,concurrent,5MB,5.00,8,N/A,3,4,0.034053,5242880,146.8304,True
2026-10-04T20:01:29.226030,concurrent,5MB,5.00,8,N/A,3,5,0.036285,5242880,137.7987,True
2026-10-04T20:01:29.226322,concurrent,5MB,5.00,8,N/A,3,6,0.036765,5242880,135.9971,True
2026-10-04T20:01:29.226547,concurrent,5MB,5.00,8,N/A,3,7,0.038479,5242880,129.9413,True
2026-10-04T20:01:29.226770,concurrent,5MB,5.00,8,N/A,3,8,0.035647,5242880,140.2662,True
2026-10-04T20:01:29.425799,concurrent,5MB,5.00,8,N/A,4,1,0.040965,5242880,122.0542,True
2026-10-04T20:01:29.426143,concurrent,5MB,5.00,8,N/A,4,2,0.039664,5242880,126.0573,True
2026-10-04T20:01:29.426409,concurrent,5MB,5.00,8,N/A,4,3,0.038819,5242880,128.8036,True
2026-10-04T20:01:29.426657,concurrent,5MB,5.00,8,N/A,4,4,0.037467,5242880,133.4526,True
2026-10-04T20:01:29.426976,concurrent,5MB,5.00,8,N/A,4,5,0.040118,5242880,124.6333,True
2026-10-04T20:01:29.427214,concurrent,5MB,5.00,8,N/A,4,6,0.041350,5242880,120.9175,True
2026-10-04T20:01:29.427482,concurrent,5MB,5.00,8,N/A,4,7,0.032343,5242880,154.5930,True
2026-10-04T20:01:29.427705,concurrent,5MB,5.00,8,N/A,4,8,0.037498,5242880,133.3397,True
2026-10-04T20:01:29.634753,concurrent,5MB,5.00,8,N/A,5,1,0.045383,5242880,110.1722,True
2026-10-04T20:01:29.635139,concurrent,5MB,5.00,8,N/A,5,2,0.043409,5242880,115.1838,True
2026-10-04T20:01:29.635432,concurrent,5MB,5.00,8,N/A,5,3,0.046868,5242880,106.6817,True
2026-10-04T20:01:29.635683,concurrent,5MB,5.00,8,N/A,5,4,0.037676,5242880,132.7101,True
2026-10-04T20:01:29.635963,concurrent,5MB,5.00,8,N/A,5,5,0.044579,5242880,112.1607,True
2026-10-04T20:01:29.636225,concurrent,5MB,5.00,8,N/A,5,6,0.046416,5242880,107.7215,True
2026-10-04T20:01:29.640548,concurrent,5MB,5.00,8,N/A,5,7,0.039906,5242880,125.2951,True
2026-10-04T20:01:29.640848,concurrent,5MB,5.00,8,N/A,5,8,0.045519,5242880,109.8450,True
2026-10-04T20:01:29.850016,pool,5MB,5.00,8,2,1,1,0.013940,5242880,358.6852,True
2026-10-04T20:01:29.850510,pool,5MB,5.00,8,2,1,2,0.041055,5242880,121.7870,True
2026-10-04T20:01:29.850816,pool,5MB,5.00,8,2,1,3,0.051148,5242880,97.7553,True
2026-10-04T20:01:29.851101,pool,5MB,5.00,8,2,1,4,0.041183,5242880,121.4093,True
2026-10-04T20:01:29.851376,pool,5MB,5.00,8,2,1,5,0.027407,5242880,182.4325,True
2026-10-04T20:01:29.851676,pool,5MB,5.00,8,2,1,6,0.016001,5242880,312.4727,True
2026-10-04T20:01:29.851936,pool,5MB,5.00,8,2,1,7,0.028523,5242880,175.2971,True
2026-10-04T20:01:29.852189,pool,5MB,5.00,8,2,1,8,0.050832,5242880,98.3642,True
2026-10-04T20:01:30.050162,pool,5MB,5.00,8,2,2,1,0.041151,5242880,121.5025,True
2026-10-04T20:01:30.050752,pool,5MB,5.00,8,2,2,2,0.019802,5242880,252.5061,True
2026-10-04T20:01:30.051127,pool,5MB,5.00,8,2,2,3,0.011373,5242880,439.6184,True
2026-10-04T20:01:30.051623,pool,5MB,5.00,8,2,2,4,0.010148,5242880,492.7322,True
2026-10-04T20:01:30.052110,pool,5MB,5.00,8,2,2,5,0.039562,5242880,126.3842,True
2026-10-04T20:01:30.052447,pool,5MB,5.00,8,2,2,6,0.029940,5242880,166.9984,True
2026-10-04T20:01:30.052768,pool,5MB,5.00,8,2,2,7,0.030768,5242880,162.5044,True
2026-10-04T20:01:30.053163,pool,5MB,5.00,8,2,2,8,0.018958,5242880,263.7465,True
2026-10-04T20:01:30.244014,pool,5MB,5.00,8,2,3,1,0.010966,5242880,455.9589,True
2026-10-04T20:01:30.244406,pool,5MB,5.00,8,2,3,2,0.011455,5242880,436.4830,True
2026-10-04T20:01:30.244711,pool,5MB,5.00,8,2,3,3,0.026601,5242880,187.9629,True
2026-10-04T20:01:30.245007,pool,5MB,5.00,8,2,3,4,0.034806,5242880,143.6538,True
2026-10-04T20:01:30.245416,pool,5MB,5.00,8,2,3,5,0.017921,5242880,278.9976,True
2026-10-04T20:01:30.246368,pool,5MB,5.00,8,2,3,6,0.017071,5242880,292.8875,True
2026-10-04T20:01:30.247018,pool,5MB,5.00,8,2,3,7,0.033451,5242880,149.4719,True
2026-10-04T20:01:30.247835,pool,5MB,5.00,8,2,3,8,0.027001,5242880,185.1790,True
2026-10-04T20:01:30.443403,pool,5MB,5.00,8,2,4,1,0.012293,5242880,406.7422,True
2026-10-04T20:01:30.444119,pool,5MB,5.00,8,2,4,2,0.030970,5242880,161.4492,True
2026-10-04T20:01:30.444572,pool,5MB,5.00,8,2,4,3,0.020696,5242880,241.5937,True
2026-10-04T20:01:30.444892,pool,5MB,5.00,8,2,4,4,0.030057,5242880,166.3484,True
2026-10-04T20:01:30.445176,pool,5MB,5.00,8,2,4,5,0.010099,5242880,495.1132,True
2026-10-04T20:01:30.445453,pool,5MB,5.00,8,2,4,6,0.038391,5242880,130.2392,True
2026-10-04T20:01:30.446244,pool,5MB,5.00,8,2,4,7,0.037713,5242880,132.5817,True
2026-10-04T20:01:30.446783,pool,5MB,5.00,8,2,4,8,0.021004,5242880,238.0533,True
2026-10-04T20:01:30.636193,pool,5MB,5.00,8,2,5,1,0.032786,5242880,152.5018,True
2026-10-04T20:01:30.636585,pool,5MB,5.00,8,2,5,2,0.008132,5242880,614.8625,True
2026-10-04T20:01:30.636871,pool,5MB,5.00,8,2,5,3,0.016416,5242880,304.5772,True
2026-10-04T20:01:30.637114,pool,5MB,5.00,8,2,5,4,0.018103,5242880,276.2034,True
2026-10-04T20:01:30.637352,pool,5MB,5.00,8,2,5,5,0.008165,5242880,612.3474,True
2026-10-04T20:01:30.637578,pool,5MB,5.00,8,2,5,6,0.032589,5242880,153.4246,True
2026-10-04T20:01:30.637811,pool,5MB,5.00,8,2,5,7,0.023658,5242880,211.3405,True
2026-10-04T20:01:30.638128,pool,5MB,5.00,8,2,5,8,0.023162,5242880,215.8671,True
2026-10-04T20:01:30.838192,pool,5MB,5.00,8,4,1,1,0.016946,5242880,295.0497,True
2026-10-04T20:01:30.838575,pool,5MB,5.00,8,4,1,2,0.031088,5242880,160.8338,True
2026-10-04T20:01:30.838884,pool,5MB,5.00,8,4,1,3,0.044185,5242880,113.1606,True
2026-10-04T20:01:30.839262,pool,5MB,5.00,8,4,1,4,0.018728,5242880,266.9785,True
2026-10-04T20:01:30.839682,pool,5MB,5.00,8,4,1,5,0.035376,5242880,141.3396,True
2026-10-04T20:01:30.840103,pool,5MB,5.00,8,4,1,6,0.013977,5242880,357.7229,True
2026-10-04T20:01:30.840488,pool,5MB,5.00,8,4,1,7,0.013798,5242880,362.3819,True
2026-10-04T20:01:30.840856,pool,5MB,5.00,8,4,1,8,0.038965,5242880,128.3206,True
2026-10-04T20:01:31.027979,pool,5MB,5.00,8,4,2,1,0.016181,5242880,309.0082,True
2026-10-04T20:01:31.028402,pool,5MB,5.00,8,4,2,2,0.015272,5242880,327.4051,True
2026-10-04T20:01:31.029400,pool,5MB,5.00,8,4,2,3,0.030672,5242880,163.0146,True
2026-10-04T20:01:31.030355,pool,5MB,5.00,8,4,2,4,0.029579,5242880,169.0400,True
2026-10-04T20:01:31.030906,pool,5MB,5.00,8,4,2,5,0.029670,5242880,168.5221,True
2026-10-04T20:01:31.031461,pool,5MB,5.00,8,4,2,6,0.017085,5242880,292.6475,True
2026-10-04T20:01:31.032216,pool,5MB,5.00,8,4,2,7,0.017000,5242880,294.1176,True
2026-10-04T20:01:31.032686,pool,5MB,5.00,8,4,2,8,0.030922,5242880,161.6998,True
2026-10-04T20:01:31.226371,pool,5MB,5.00,8,4,3,1,0.016858,5242880,296.6004,True
2026-10-04T20:01:31.226676,pool,5MB,5.00,8,4,3,2,0.031147,5242880,160.5306,True
2026-10-04T20:01:31.226866,pool,5MB,5.00,8,4,3,3,0.032537,5242880,153.6721,True
2026-10-04T20:01:31.227071,pool,5MB,5.00,8,4,3,4,0.017795,5242880,280.9810,True
2026-10-04T20:01:31.227400,pool,5MB,5.00,8,4,3,5,0.019073,5242880,262.1562,True
2026-10-04T20:01:31.227905,pool,5MB,5.00,8,4,3,6,0.031871,5242880,156.8805,True
2026-10-04T20:01:31.228319,pool,5MB,5.00,8,4,3,7,0.012960,5242880,385.7876,True
2026-10-04T20:01:31.228607,pool,5MB,5.00,8,4,3,8,0.016043,5242880,311.6527,True
2026-10-04T20:01:31.420498,pool,5MB,5.00,8,4,4,1,0.019555,5242880,255.6904,True
2026-10-04T20:01:31.421038,pool,5MB,5.00,8,4,4,2,0.030244,5242880,165.3220,True
2026-10-04T20:01:31.421465,pool,5MB,5.00,8,4,4,3,0.015884,5242880,314.7901,True
2026-10-04T20:01:31.421888,pool,5MB,5.00,8,4,4,4,0.031727,5242880,157.5965,True
2026-10-04T20:01:31.422269,pool,5MB,5.00,8,4,4,5,0.033564,5242880,148.9678,True
2026-10-04T20:01:31.422649,pool,5MB,5.00,8,4,4,6,0.013991,5242880,357.3726,True
2026-10-04T20:01:31.423003,pool,5MB,5.00,8,4,4,7,0.016862,5242880,296.5159,True
2026-10-04T20:01:31.423435,pool,5MB,5.00,8,4,4,8,0.030485,5242880,164.0151,True
2026-10-04T20:01:31.623095,pool,5MB,5.00,8,4,5,1,0.033804,5242880,147.9115,True
2026-10-04T20:01:31.623452,pool,5MB,5.00,8,4,5,2,0.016400,5242880,304.8743,True
2026-10-04T20:01:31.623732,pool,5MB,5.00,8,4,5,3,0.017790,5242880,281.0552,True
2026-10-04T20:01:31.623979,pool,5MB,5.00,8,4,5,4,0.014922,5242880,335.0735,True
2026-10-04T20:01:31.624216,pool,5MB,5.00,8,4,5,5,0.015588,5242880,320.7698,True
2026-10-04T20:01:31.624454,pool,5MB,5.00,8,4,5,6,0.033509,5242880,149.2141,True
2026-10-04T20:01:31.624729,pool,5MB,5.00,8,4,5,7,0.034040,5242880,146.8856,True
2026-10-04T20:01:31.624979,pool,5MB,5.00,8,4,5,8,0.041030,5242880,121.8635,True
2026-10-04T20:01:31.827229,pool,5MB,5.00,8,8,1,1,0.035247,5242880,141.8573,True
2026-10-04T20:01:31.827593,pool,5MB,5.00,8,8,1,2,0.039985,5242880,125.0456,True
2026-10-04T20:01:31.827996,pool,5MB,5.00,8,8,1,3,0.037048,5242880,134.9601,True
2026-10-04T20:01:31.828299,pool,5MB,5.00,8,8,1,4,0.039699,5242880,125.9484,True
2026-10-04T20:01:31.828613,pool,5MB,5.00,8,8,1,5,0.041313,5242880,121.0258,True
2026-10-04T20:01:31.828898,pool,5MB,5.00,8,8,1,6,0.031207,5242880,160.2215,True
2026-10-04T20:01:31.829858,pool,5MB,5.00,8,8,1,7,0.033126,5242880,150.9375,True
2026-10-04T20:01:31.830756,pool,5MB,5.00,8,8,1,8,0.042260,5242880,118.3144,True
2026-10-04T20:01:32.033522,pool,5MB,5.00,8,8,2,1,0.029961,5242880,166.8825,True
2026-10-04T20:01:32.036226,pool,5MB,5.00,8,8,2,2,0.039131,5242880,127.7750,True
2026-10-04T20:01:32.036708,pool,5MB,5.00,8,8,2,3,0.043762,5242880,114.2541,True
2026-10-04T20:01:32.037074,pool,5MB,5.00,8,8,2,4,0.034087,5242880,146.6826,True
2026-10-04T20:01:32.037433,pool,5MB,5.00,8,8,2,5,0.043295,5242880,115.4857,True
2026-10-04T20:01:32.037783,pool,5MB,5.00,8,8,2,6,0.041645,5242880,120.0619,True
2026-10-04T20:01:32.038157,pool,5MB,5.00,8,8,2,7,0.038715,5242880,129.1496,True
2026-10-04T20:01:32.038592,pool,5MB,5.00,8,8,2,8,0.036559,5242880,136.7641,True
2026-10-04T20:01:32.234325,pool,5MB,5.00,8,8,3,1,0.032485,5242880,153.9186,True
2026-10-04T20:01:32.234759,pool,5MB,5.00,8,8,3,2,0.030394,5242880,164.5045,True
2026-10-04T20:01:32.235091,pool,5MB,5.00,8,8,3,3,0.028913,5242880,172.9308,True
2026-10-04T20:01:32.235481,pool,5MB,5.00,8,8,3,4,0.028221,5242880,177.1755,True
2026-10-04T20:01:32.235822,pool,5MB,5.00,8,8,3,5,0.031820,5242880,157.1349,True
2026-10-04T20:01:32.236089,pool,5MB,5.00,8,8,3,6,0.033235,5242880,150.4415,True
2026-10-04T20:01:32.236338,pool,5MB,5.00,8,8,3,7,0.033361,5242880,149.8752,True
2026-10-04T20:01:32.236673,pool,5MB,5.00,8,8,3,8,0.013678,5242880,365.5398,True
2026-10-04T20:01:32.434873,pool,5MB,5.00,8,8,4,1,0.034846,5242880,143.4893,True
2026-10-04T20:01:32.435451,pool,5MB,5.00,8,8,4,2,0.033195,5242880,150.6251,True
2026-10-04T20:01:32.435873,pool,5MB,5.00,8,8,4,3,0.034080,5242880,146.7136,True
2026-10-04T20:01:32.470641,pool,5MB,5.00,8,8,4,4,0.028283,5242880,176.7846,True
2026-10-04T20:01:32.471243,pool,5MB,5.00,8,8,4,5,0.017422,5242880,287.0000,True
2026-10-04T20:01:32.471653,pool,5MB,5.00,8,8,4,6,0.036214,5242880,138.0689,True
2026-10-04T20:01:32.472029,pool,5MB,5.00,8,8,4,7,0.036725,5242880,136.1459,True
2026-10-04T20:01:32.472423,pool,5MB,5.00,8,8,4,8,0.035553,5242880,140.6363,True
2026-10-04T20:01:32.683885,pool,5MB,5.00,8,8,5,1,0.026176,5242880,191.0176,True
2026-10-04T20:01:32.684923,pool,5MB,5.00,8,8,5,2,0.031957,5242880,156.4622,True
2026-10-04T20:01:32.685395,pool,5MB,5.00,8,8,5,3,0.040603,5242880,123.1436,True
2026-10-04T20:01:32.685902,pool,5MB,5.00,8,8,5,4,0.038275,5242880,130.6339,True
2026-10-04T20:01:32.686343,pool,5MB,5.00,8,8,5,5,0.040682,5242880,122.9036,True
2026-10-04T20:01:32.686910,pool,5MB,5.00,8,8,5,6,0.036363,5242880,137.5013,True
2026-10-04T20:01:32.687346,pool,5MB,5.00,8,8,5,7,0.042699,5242880,117.0982,True
2026-10-04T20:01:32.687790,pool,5MB,5.00,8,8,5,8,0.042653,5242880,117.2261,True
2026-10-04T20:01:33.328562,p2p,5MB,5.00,8,N/A,1,1,0.463975,5242880,10.7764,True
2026-10-04T20:01:33.328980,p2p,5MB,5.00,8,N/A,1,2,0.469544,5242880,10.6486,True
2026-10-04T20:01:33.329438,p2p,5MB,5.00,8,N/A,1,3,0.486755,5242880,10.2721,True
2026-10-04T20:01:33.330513,p2p,5MB,5.00,8,N/A,1,4,0.484828,5242880,10.3129,True
2026-10-04T20:01:33.331308,p2p,5MB,5.00,8,N/A,1,5,0.472447,5242880,10.5832,True
2026-10-04T20:01:33.331845,p2p,5MB,5.00,8,N/A,1,6,0.510971,5242880,9.7853,True
2026-10-04T20:01:33.332239,p2p,5MB,5.00,8,N/A,1,7,0.484002,5242880,10.3305,True
2026-10-04T20:01:33.333212,p2p,5MB,5.00,8,N/A,1,8,0.481213,5242880,10.3904,True
2026-10-04T20:01:33.835809,p2p,5MB,5.00,8,N/A,2,1,0.332087,5242880,15.0563,True
2026-10-04T20:01:33.836341,p2p,5MB,5.00,8,N/A,2,2,0.328717,5242880,15.2107,True
2026-10-04T20:01:33.836694,p2p,5MB,5.00,8,N/A,2,3,0.332454,5242880,15.0397,True
2026-10-04T20:01:33.837092,p2p,5MB,5.00,8,N/A,2,4,0.368341,5242880,13.5744,True
2026-10-04T20:01:33.837631,p2p,5MB,5.00,8,N/A,2,5,0.333611,5242880,14.9875,True
2026-10-04T20:01:33.837959,p2p,5MB,5.00,8,N/A,2,6,0.324691,5242880,15.3992,True
2026-10-04T20:01:33.838283,p2p,5MB,5.00,8,N/A,2,7,0.331104,5242880,15.1010,True
2026-10-04T20:01:33.838616,p2p,5MB,5.00,8,N/A,2,8,0.332271,5242880,15.0479,True
2026-10-04T20:01:34.376668,p2p,5MB,5.00,8,N/A,3,1,0.334450,5242880,14.9499,True
2026-10-04T20:01:34.377088,p2p,5MB,5.00,8,N/A,3,2,0.332610,5242880,15.0326,True
2026-10-04T20:01:34.377414,p2p,5MB,5.00,8,N/A,3,3,0.337313,5242880,14.8230,True
2026-10-04T20:01:34.377739,p2p,5MB,5.00,8,N/A,3,4,0.333425,5242880,14.9959,True
2026-10-04T20:01:34.378064,p2p,5MB,5.00,8,N/A,3,5,0.340847,5242880,14.6693,True
2026-10-04T20:01:34.378399,p2p,5MB,5.00,8,N/A,3,6,0.338139,5242880,14.7868,True
2026-10-04T20:01:34.378708,p2p,5MB,5.00,8,N/A,3,7,0.335665,5242880,14.8958,True
2026-10-04T20:01:34.378979,p2p,5MB,5.00,8,N/A,3,8,0.334269,5242880,14.9580,True
2026-10-04T20:01:34.837854,p2p,5MB,5.00,8,N/A,4,1,0.327276,5242880,15.2776,True
2026-10-04T20:01:34.838292,p2p,5MB,5.00,8,N/A,4,2,0.316299,5242880,15.8078,True
2026-10-04T20:01:34.838636,p2p,5MB,5.00,8,N/A,4,3,0.324403,5242880,15.4129,True
2026-10-04T20:01:34.838917,p2p,5MB,5.00,8,N/A,4,4,0.317845,5242880,15.7309,True
2026-10-04T20:01:34.839236,p2p,5MB,5.00,8,N/A,4,5,0.323229,5242880,15.4689,True
2026-10-04T20:01:34.843758,p2p,5MB,5.00,8,N/A,4,6,0.320304,5242880,15.6102,True
2026-10-04T20:01:34.844130,p2p,5MB,5.00,8,N/A,4,7,0.323946,5242880,15.4347,True
2026-10-04T20:01:34.844504,p2p,5MB,5.00,8,N/A,4,8,0.323019,5242880,15.4789,True
2026-10-04T20:01:35.338785,p2p,5MB,5.00,8,N/A,5,1,0.346334,5242880,14.4369,True
2026-10-04T20:01:35.339205,p2p,5MB,5.00,8,N/A,5,2,0.351158,5242880,14.2386,True
2026-10-04T20:01:35.339667,p2p,5MB,5.00,8,N/A,5,3,0.359792,5242880,13.8969,True
2026-10-04T20:01:35.339947,p2p,5MB,5.00,8,N/A,5,4,0.340407,5242880,14.6883,True
2026-10-04T20:01:35.340202,p2p,5MB,5.00,8,N/A,5,5,0.352695,5242880,14.1766,True
2026-10-04T20:01:35.340492,p2p,5MB,5.00,8,N/A,5,6,0.342923,5242880,14.5805,True
2026-10-04T20:01:35.340795,p2p,5MB,5.00,8,N/A,5,7,0.356887,5242880,14.0101,True
2026-10-04T20:01:35.341026,p2p,5MB,5.00,8,N/A,5,8,0.356384,5242880,14.0298,True
2026-10-04T20:01:35.580870,sequential,50MB,50.00,1,N/A,1,1,0.062651,52428800,798.0757,True
2026-10-04T20:01:35.786782,sequential,50MB,50.00,1,N/A,2,1,0.052097,52428800,959.7426,True
2026-10-04T20:01:35.997963,sequential,50MB,50.00,1,N/A,3,1,0.057467,52428800,870.0615,True
2026-10-04T20:01:36.237826,sequential,50MB,50.00,1,N/A,4,1,0.062708,52428800,797.3515,True
2026-10-04T20:01:36.459871,sequential,50MB,50.00,1,N/A,5,1,0.067746,52428800,738.0488,True
2026-10-04T20:01:36.715026,concurrent,50MB,50.00,1,N/A,1,1,0.085499,52428800,584.8008,True
2026-10-04T20:01:36.964343,concurrent,50MB,50.00,1,N/A,2,1,0.084794,52428800,589.6651,True
2026-10-04T20:01:37.185651,concurrent,50MB,50.00,1,N/A,3,1,0.052314,52428800,955.7653,True
2026-10-04T20:01:37.423192,concurrent,50MB,50.00,1,N/A,4,1,0.071066,52428800,703.5743,True
2026-10-04T20:01:37.646573,concurrent,50MB,50.00,1,N/A,5,1,0.060682,52428800,823.9703,True
2026-10-04T20:01:37.872348,pool,50MB,50.00,1,2,1,1,0.052040,52428800,960.7957,True
2026-10-04T20:01:38.113058,pool,50MB,50.00,1,2,2,1,0.062351,52428800,801.9105,True
2026-10-04T20:01:38.353094,pool,50MB,50.00,1,2,3,1,0.070169,52428800,712.5613,True
2026-10-04T20:01:38.642112,pool,50MB,50.00,1,2,4,1,0.062228,52428800,803.5020,True
2026-10-04T20:01:38.875430,pool,50MB,50.00,1,2,5,1,0.061911,52428800,807.6096,True
2026-10-04T20:01:39.110329,pool,50MB,50.00,1,4,1,1,0.066170,52428800,755.6272,True
2026-10-04T20:01:39.341703,pool,50MB,50.00,1,4,2,1,0.064118,52428800,779.8134,True
2026-10-04T20:01:39.566740,pool,50MB,50.00,1,4,3,1,0.056888,52428800,878.9215,True
2026-10-04T20:01:39.799003,pool,50MB,50.00,1,4,4,1,0.076284,52428800,655.4489,True
2026-10-04T20:01:40.022631,pool,50MB,50.00,1,4,5,1,0.069004,52428800,724.5999,True
2026-10-04T20:01:40.240220,pool,50MB,50.00,1,8,1,1,0.063933,52428800,782.0700,True
2026-10-04T20:01:40.484294,pool,50MB,50.00,1,8,2,1,0.072837,52428800,686.4652,True
2026-10-04T20:01:40.772864,pool,50MB,50.00,1,8,3,1,0.066420,52428800,752.7830,True
2026-10-04T20:01:41.026448,pool,50MB,50.00,1,8,4,1,0.075723,52428800,660.3014,True
2026-10-04T20:01:41.262164,pool,50MB,50.00,1,8,5,1,0.061683,52428800,810.5987,True
2026-10-04T20:01:42.318656,p2p,50MB,50.00,1,N/A,1,1,0.940083,52428800,53.1868,True
2026-10-04T20:01:43.722548,p2p,50MB,50.00,1,N/A,2,1,1.290526,52428800,38.7439,True
2026-10-04T20:01:45.070695,p2p,50MB,50.00,1,N/A,3,1,1.233737,52428800,40.5273,True
2026-10-04T20:01:46.351748,p2p,50MB,50.00,1,N/A,4,1,1.167235,52428800,42.8363,True
2026-10-04T20:01:47.619842,p2p,50MB,50.00,1,N/A,5,1,1.149139,52428800,43.5108,True
2026-10-04T20:01:47.908638,sequential,50MB,50.00,2,N/A,1,1,0.132811,52428800,376.4748,True
2026-10-04T20:01:47.909111,sequential,50MB,50.00,2,N/A,1,2,0.062858,52428800,795.4424,True
2026-10-04T20:01:48.177794,sequential,50MB,50.00,2,N/A,2,1,0.114563,52428800,436.4392,True
2026-10-04T20:01:48.178319,sequential,50MB,50.00,2,N/A,2,2,0.060636,52428800,824.5913,True
2026-10-04T20:01:48.472970,sequential,50MB,50.00,2,N/A,3,1,0.140661,52428800,355.4633,True
2026-10-04T20:01:48.473414,sequential,50MB,50.00,2,N/A,3,2,0.066801,52428800,748.4952,True
2026-10-04T20:01:48.782915,sequential,50MB,50.00,2,N/A,4,1,0.155463,52428800,321.6206,True
2026-10-04T20:01:48.784262,sequential,50MB,50.00,2,N/A,4,2,0.070279,52428800,711.4541,True
2026-10-04T20:01:49.063368,sequential,50MB,50.00,2,N/A,5,1,0.124461,52428800,401.7329,True
2026-10-04T20:01:49.063705,sequential,50MB,50.00,2,N/A,5,2,0.064634,52428800,773.5819,True
2026-10-04T20:01:49.323205,concurrent,50MB,50.00,2,N/A,1,1,0.094128,52428800,531.1933,True
2026-10-04T20:01:49.323629,concurrent,50MB,50.00,2,N/A,1,2,0.079810,52428800,626.4903,True
2026-10-04T20:01:49.577314,concurrent,50MB,50.00,2,N/A,2,1,0.092494,52428800,540.5785,True
2026-10-04T20:01:49.577718,concurrent,50MB,50.00,2,N/A,2,2,0.087073,52428800,574.2315,True
2026-10-04T20:01:49.816567,concurrent,50MB,50.00,2,N/A,3,1,0.083586,52428800,598.1842,True
2026-10-04T20:01:49.817597,concurrent,50MB,50.00,2,N/A,3,2,0.083619,52428800,597.9488,True
2026-10-04T20:01:50.074261,concurrent,50MB,50.00,2,N/A,4,1,0.092012,52428800,543.4074,True
2026-10-04T20:01:50.074830,concurrent,50MB,50.00,2,N/A,4,2,0.091832,52428800,544.4719,True
2026-10-04T20:01:50.325738,concurrent,50MB,50.00,2,N/A,5,1,0.082930,52428800,602.9159,True
2026-10-04T20:01:50.326210,concurrent,50MB,50.00,2,N/A,5,2,0.084006,52428800,595.1984,True
2026-10-04T20:01:50.560225,pool,50MB,50.00,2,2,1,1,0.076173,52428800,656.4040,True
2026-10-04T20:01:50.560578,pool,50MB,50.00,2,2,1,2,0.070346,52428800,710.7745,True
2026-10-04T20:01:50.819513,pool,50MB,50.00,2,2,2,1,0.088907,52428800,562.3841,True
2026-10-04T20:01:50.819975,pool,50MB,50.00,2,2,2,2,0.081632,52428800,612.5026,True
2026-10-04T20:01:51.059530,pool,50MB,50.00,2,2,3,1,0.085176,52428800,587.0205,True
2026-10-04T20:01:51.059940,pool,50MB,50.00,2,2,3,2,0.076091,52428800,657.1045,True
2026-10-04T20:01:51.301974,pool,50MB,50.00,2,2,4,1,0.086872,52428800,575.5621,True
2026-10-04T20:01:51.303046,pool,50MB,50.00,2,2,4,2,0.083289,52428800,600.3201,True
2026-10-04T20:01:51.541816,pool,50MB,50.00,2,2,5,1,0.070610,52428800,708.1160,True
2026-10-04T20:01:51.542237,pool,50MB,50.00,2,2,5,2,0.065335,52428800,765.2889,True
2026-10-04T20:01:51.779112,pool,50MB,50.00,2,4,1,1,0.081646,52428800,612.3976,True
2026-10-04T20:01:51.779475,pool,50MB,50.00,2,4,1,2,0.082206,52428800,608.2266,True
2026-10-04T20:01:52.054172,pool,50MB,50.00,2,4,2,1,0.082418,52428800,606.6629,True
2026-10-04T20:01:52.054720,pool,50MB,50.00,2,4,2,2,0.082254,52428800,607.8724,True
2026-10-04T20:01:52.297759,pool,50MB,50.00,2,4,3,1,0.077532,52428800,644.8958,True
2026-10-04T20:01:52.298277,pool,50MB,50.00,2,4,3,2,0.076459,52428800,653.9478,True
2026-10-04T20:01:52.528973,pool,50MB,50.00,2,4,4,1,0.073518,52428800,680.1083,True
2026-10-04T20:01:52.529698,pool,50MB,50.00,2,4,4,2,0.073762,52428800,677.8604,True
2026-10-04T20:01:52.765884,pool,50MB,50.00,2,4,5,1,0.078364,52428800,638.0473,True
2026-10-04T20:01:52.766879,pool,50MB,50.00,2,4,5,2,0.081467,52428800,613.7439,True
2026-10-04T20:01:53.008040,pool,50MB,50.00,2,8,1,1,0.085036,52428800,587.9883,True
2026-10-04T20:01:53.008366,pool,50MB,50.00,2,8,1,2,0.082939,52428800,602.8534,True
2026-10-04T20:01:53.231442,pool,50MB,50.00,2,8,2,1,0.068722,52428800,727.5701,True
2026-10-04T20:01:53.231823,pool,50MB,50.00,2,8,2,2,0.069605,52428800,718.3402,True
2026-10-04T20:01:53.473620,pool,50MB,50.00,2,8,3,1,0.075124,52428800,665.5654,True
2026-10-04T20:01:53.473984,pool,50MB,50.00,2,8,3,2,0.075941,52428800,658.4067,True
2026-10-04T20:01:53.713118,pool,50MB,50.00,2,8,4,1,0.083861,52428800,596.2240,True
2026-10-04T20:01:53.713545,pool,50MB,50.00,2,8,4,2,0.085289,52428800,586.2407,True
2026-10-04T20:01:53.961788,pool,50MB,50.00,2,8,5,1,0.070660,52428800,707.6179,True
2026-10-04T20:01:53.962132,pool,50MB,50.00,2,8,5,2,0.076608,52428800,652.6708,True
2026-10-04T20:01:55.226769,p2p,50MB,50.00,2,N/A,1,1,1.136376,52428800,43.9995,True
2026-10-04T20:01:55.227337,p2p,50MB,50.00,2,N/A,1,2,1.131144,52428800,44.2031,True
2026-10-04T20:01:56.892173,p2p,50MB,50.00,2,N/A,2,1,1.510318,52428800,33.1056,True
2026-10-04T20:01:56.892837,p2p,50MB,50.00,2,N/A,2,2,0.865073,52428800,57.7986,True
2026-10-04T20:01:59.030476,p2p,50MB,50.00,2,N/A,3,1,1.867819,52428800,26.7692,True
2026-10-04T20:01:59.031102,p2p,50MB,50.00,2,N/A,3,2,1.874429,52428800,26.6748,True
2026-10-04T20:02:00.827166,p2p,50MB,50.00,2,N/A,4,1,1.586033,52428800,31.5252,True
2026-10-04T20:02:00.827802,p2p,50MB,50.00,2,N/A,4,2,1.583479,52428800,31.5760,True
2026-10-04T20:02:02.047165,p2p,50MB,50.00,2,N/A,5,1,1.088224,52428800,45.9464,True
2026-10-04T20:02:02.047907,p2p,50MB,50.00,2,N/A,5,2,0.995227,52428800,50.2398,True
2026-10-04T20:02:02.450505,sequential,50MB,50.00,4,N/A,1,1,0.179507,52428800,278.5404,True
2026-10-04T20:02:02.451932,sequential,50MB,50.00,4,N/A,1,2,0.126745,52428800,394.4926,True
2026-10-04T20:02:02.452672,sequential,50MB,50.00,4,N/A,1,3,0.059932,52428800,834.2844,True
2026-10-04T20:02:02.453377,sequential,50MB,50.00,4,N/A,1,4,0.246430,52428800,202.8970,True
2026-10-04T20:02:02.942713,sequential,50MB,50.00,4,N/A,2,1,0.242269,52428800,206.3822,True
2026-10-04T20:02:02.943341,sequential,50MB,50.00,4,N/A,2,2,0.070281,52428800,711.4268,True
2026-10-04T20:02:02.943868,sequential,50MB,50.00,4,N/A,2,3,0.158515,52428800,315.4280,True
2026-10-04T20:02:02.944339,sequential,50MB,50.00,4,N/A,2,4,0.332114,52428800,150.5505,True
2026-10-04T20:02:03.443287,sequential,50MB,50.00,4,N/A,3,1,0.176438,52428800,283.3849,True
2026-10-04T20:02:03.443768,sequential,50MB,50.00,4,N/A,3,2,0.337467,52428800,148.1626,True
2026-10-04T20:02:03.444220,sequential,50MB,50.00,4,N/A,3,3,0.079492,52428800,628.9902,True
2026-10-04T20:02:03.444593,sequential,50MB,50.00,4,N/A,3,4,0.253190,52428800,197.4799,True
2026-10-04T20:02:04.004040,sequential,50MB,50.00,4,N/A,4,1,0.113483,52428800,440.5931,True
2026-10-04T20:02:04.005221,sequential,50MB,50.00,4,N/A,4,2,0.387339,52428800,129.0860,True
2026-10-04T20:02:04.005756,sequential,50MB,50.00,4,N/A,4,3,0.186863,52428800,267.5764,True
2026-10-04T20:02:04.006210,sequential,50MB,50.00,4,N/A,4,4,0.281577,52428800,177.5711,True
2026-10-04T20:02:04.553136,sequential,50MB,50.00,4,N/A,5,1,0.090429,52428800,552.9175,True
2026-10-04T20:02:04.553732,sequential,50MB,50.00,4,N/A,5,2,0.268472,52428800,186.2390,True
2026-10-04T20:02:04.554174,sequential,50MB,50.00,4,N/A,5,3,0.192795,52428800,259.3427,True
2026-10-04T20:02:04.554665,sequential,50MB,50.00,4,N/A,5,4,0.354025,52428800,141.2328,True
2026-10-04T20:02:04.894226,concurrent,50MB,50.00,4,N/A,1,1,0.138882,52428800,360.0171,True
2026-10-04T20:02:04.894905,concurrent,50MB,50.00,4,N/A,1,2,0.159795,52428800,312.9001,True
2026-10-04T20:02:04.895417,concurrent,50MB,50.00,4,N/A,1,3,0.156886,52428800,318.7030,True
2026-10-04T20:02:04.895894,concurrent,50MB,50.00,4,N/A,1,4,0.131074,52428800,381.4651,True
2026-10-04T20:02:05.418031,concurrent,50MB,50.00,4,N/A,2,1,0.264365,52428800,189.1328,True
2026-10-04T20:02:05.419291,concurrent,50MB,50.00,4,N/A,2,2,0.281349,52428800,177.7151,True
2026-10-04T20:02:05.419924,concurrent,50MB,50.00,4,N/A,2,3,0.258839,52428800,193.1700,True
2026-10-04T20:02:05.420450,concurrent,50MB,50.00,4,N/A,2,4,0.124563,52428800,401.4027,True
2026-10-04T20:02:05.826834,concurrent,50MB,50.00,4,N/A,3,1,0.209502,52428800,238.6608,True
2026-10-04T20:02:05.827456,concurrent,50MB,50.00,4,N/A,3,2,0.178129,52428800,280.6950,True
2026-10-04T20:02:05.827945,concurrent,50MB,50.00,4,N/A,3,3,0.183526,52428800,272.4411,True
2026-10-04T20:02:05.828617,concurrent,50MB,50.00,4,N/A,3,4,0.202050,52428800,247.4635,True
2026-10-04T20:02:06.285166,concurrent,50MB,50.00,4,N/A,4,1,0.127171,52428800,393.1708,True
2026-10-04T20:02:06.286163,concurrent,50MB,50.00,4,N/A,4,2,0.254613,52428800,196.3764,True
2026-10-04T20:02:06.286812,concurrent,50MB,50.00,4,N/A,4,3,0.150862,52428800,331.4287,True
2026-10-04T20:02:06.287274,concurrent,50MB,50.00,4,N/A,4,4,0.254040,52428800,196.8195,True
2026-10-04T20:02:06.837751,concurrent,50MB,50.00,4,N/A,5,1,0.118912,52428800,420.4779,True
2026-10-04T20:02:06.838301,concurrent,50MB,50.00,4,N/A,5,2,0.108006,52428800,462.9377,True
2026-10-04T20:02:06.838734,concurrent,50MB,50.00,4,N/A,5,3,0.206849,52428800,241.7222,True
2026-10-04T20:02:06.839242,concurrent,50MB,50.00,4,N/A,5,4,0.196889,52428800,253.9498,True
2026-10-04T20:02:07.342017,pool,50MB,50.00,4,2,1,1,0.109848,52428800,455.1765,True
2026-10-04T20:02:07.343090,pool,50MB,50.00,4,2,1,2,0.197004,52428800,253.8018,True
2026-10-04T20:02:07.343667,pool,50MB,50.00,4,2,1,3,0.299242,52428800,167.0891,True
2026-10-04T20:02:07.344204,pool,50MB,50.00,4,2,1,4,0.203925,52428800,245.1882,True
2026-10-04T20:02:07.748114,pool,50MB,50.00,4,2,2,1,0.215107,52428800,232.4430,True
2026-10-04T20:02:07.748715,pool,50MB,50.00,4,2,2,2,0.215564,52428800,231.9492,True
2026-10-04T20:02:07.749166,pool,50MB,50.00,4,2,2,3,0.096954,52428800,515.7111,True
2026-10-04T20:02:07.749572,pool,50MB,50.00,4,2,2,4,0.097278,52428800,513.9882,True
2026-10-04T20:02:08.210503,pool,50MB,50.00,4,2,3,1,0.111374,52428800,448.9358,True
2026-10-04T20:02:08.211028,pool,50MB,50.00,4,2,3,2,0.136671,52428800,365.8415,True
2026-10-04T20:02:08.211482,pool,50MB,50.00,4,2,3,3,0.212635,52428800,235.1448,True
2026-10-04T20:02:08.211951,pool,50MB,50.00,4,2,3,4,0.259380,52428800,192.7673,True
2026-10-04T20:02:08.778060,pool,50MB,50.00,4,2,4,1,0.217533,52428800,229.8498,True
2026-10-04T20:02:08.778597,pool,50MB,50.00,4,2,4,2,0.375896,52428800,133.0154,True
2026-10-04T20:02:08.779098,pool,50MB,50.00,4,2,4,3,0.205001,52428800,243.9011,True
2026-10-04T20:02:08.779595,pool,50MB,50.00,4,2,4,4,0.344301,52428800,145.2218,True
2026-10-04T20:02:09.498041,pool,50MB,50.00,4,2,5,1,0.175054,52428800,285.6263,True
2026-10-04T20:02:09.498676,pool,50MB,50.00,4,2,5,2,0.259390,52428800,192.7599,True
2026-10-04T20:02:09.499217,pool,50MB,50.00,4,2,5,3,0.293561,52428800,170.3222,True
2026-10-04T20:02:09.499689,pool,50MB,50.00,4,2,5,4,0.152544,52428800,327.7751,True
2026-10-04T20:02:09.830716,pool,50MB,50.00,4,4,1,1,0.160068,52428800,312.3682,True
2026-10-04T20:02:09.831363,pool,50MB,50.00,4,4,1,2,0.154907,52428800,322.7749,True
2026-10-04T20:02:09.831880,pool,50MB,50.00,4,4,1,3,0.164654,52428800,303.6675,True
2026-10-04T20:02:09.832350,pool,50MB,50.00,4,4,1,4,0.166603,52428800,300.1148,True
2026-10-04T20:02:10.182910,pool,50MB,50.00,4,4,2,1,0.141473,52428800,353.4231,True
2026-10-04T20:02:10.183455,pool,50MB,50.00,4,4,2,2,0.171494,52428800,291.5559,True
2026-10-04T20:02:10.183906,pool,50MB,50.00,4,4,2,3,0.149694,52428800,334.0136,True
2026-10-04T20:02:10.184467,pool,50MB,50.00,4,4,2,4,0.184276,52428800,271.3315,True
2026-10-04T20:02:10.632557,pool,50MB,50.00,4,4,3,1,0.204204,52428800,244.8538,True
2026-10-04T20:02:10.633181,pool,50MB,50.00,4,4,3,2,0.214377,52428800,233.2343,True
2026-10-04T20:02:10.633632,pool,50MB,50.00,4,4,3,3,0.143162,52428800,349.2544,True
2026-10-04T20:02:10.634130,pool,50MB,50.00,4,4,3,4,0.235111,52428800,212.6654,True
2026-10-04T20:02:11.021621,pool,50MB,50.00,4,4,4,1,0.174979,52428800,285.7489,True
2026-10-04T20:02:11.022370,pool,50MB,50.00,4,4,4,2,0.203306,52428800,245.9345,True
2026-10-04T20:02:11.023139,pool,50MB,50.00,4,4,4,3,0.114505,52428800,436.6610,True
2026-10-04T20:02:11.023700,pool,50MB,50.00,4,4,4,4,0.121660,52428800,410.9807,True
2026-10-04T20:02:11.496112,pool,50MB,50.00,4,4,5,1,0.242419,52428800,206.2543,True
2026-10-04T20:02:11.496625,pool,50MB,50.00,4,4,5,2,0.249008,52428800,200.7968,True
2026-10-04T20:02:11.497100,pool,50MB,50.00,4,4,5,3,0.128284,52428800,389.7611,True
2026-10-04T20:02:11.497444,pool,50MB,50.00,4,4,5,4,0.142023,52428800,352.0544,True
2026-10-04T20:02:11.964469,pool,50MB,50.00,4,8,1,1,0.199297,52428800,250.8813,True
2026-10-04T20:02:11.965062,pool,50MB,50.00,4,8,1,2,0.209069,52428800,239.1552,True
2026-10-04T20:02:11.965461,pool,50MB,50.00,4,8,1,3,0.190835,52428800,262.0067,True
2026-10-04T20:02:11.965878,pool,50MB,50.00,4,8,1,4,0.181278,52428800,275.8189,True
2026-10-04T20:02:12.280475,pool,50MB,50.00,4,8,2,1,0.148290,52428800,337.1781,True
2026-10-04T20:02:12.281058,pool,50MB,50.00,4,8,2,2,0.144952,52428800,344.9411,True
2026-10-04T20:02:12.281498,pool,50MB,50.00,4,8,2,3,0.152526,52428800,327.8123,True
2026-10-04T20:02:12.281956,pool,50MB,50.00,4,8,2,4,0.159484,52428800,313.5111,True
2026-10-04T20:02:12.617823,pool,50MB,50.00,4,8,3,1,0.154359,52428800,323.9211,True
2026-10-04T20:02:12.618316,pool,50MB,50.00,4,8,3,2,0.151288,52428800,330.4955,True
2026-10-04T20:02:12.619143,pool,50MB,50.00,4,8,3,3,0.164976,52428800,303.0738,True
2026-10-04T20:02:12.619840,pool,50MB,50.00,4,8,3,4,0.162718,52428800,307.2799,True
2026-10-04T20:02:12.969443,pool,50MB,50.00,4,8,4,1,0.140358,52428800,356.2309,True
2026-10-04T20:02:12.970276,pool,50MB,50.00,4,8,4,2,0.188981,52428800,264.5774,True
2026-10-04T20:02:12.970886,pool,50MB,50.00,4,8,4,3,0.139740,52428800,357.8066,True
2026-10-04T20:02:12.972152,pool,50MB,50.00,4,8,4,4,0.152920,52428800,326.9677,True
2026-10-04T20:02:13.380896,pool,50MB,50.00,4,8,5,1,0.185377,52428800,269.7211,True
2026-10-04T20:02:13.381412,pool,50MB,50.00,4,8,5,2,0.160914,52428800,310.7256,True
2026-10-04T20:02:13.381827,pool,50MB,50.00,4,8,5,3,0.174442,52428800,286.6285,True
2026-10-04T20:02:13.382611,pool,50MB,50.00,4,8,5,4,0.192953,52428800,259.1309,True
2026-10-04T20:02:15.418353,p2p,50MB,50.00,4,N/A,1,1,1.854262,52428800,26.9649,True
2026-10-04T20:02:15.419530,p2p,50MB,50.00,4,N/A,1,2,1.868135,52428800,26.7647,True
2026-10-04T20:02:15.426101,p2p,50MB,50.00,4,N/A,1,3,1.806634,52428800,27.6758,True
2026-10-04T20:02:15.426620,p2p,50MB,50.00,4,N/A,1,4,1.857353,52428800,26.9200,True
2026-10-04T20:02:17.441037,p2p,50MB,50.00,4,N/A,2,1,1.765932,52428800,28.3137,True
2026-10-04T20:02:17.442102,p2p,50MB,50.00,4,N/A,2,2,1.706082,52428800,29.3069,True
2026-10-04T20:02:17.442643,p2p,50MB,50.00,4,N/A,2,3,1.777968,52428800,28.1220,True
2026-10-04T20:02:17.443115,p2p,50MB,50.00,4,N/A,2,4,1.667111,52428800,29.9920,True
2026-10-04T20:02:19.498387,p2p,50MB,50.00,4,N/A,3,1,1.874527,52428800,26.6734,True
2026-10-04T20:02:19.498971,p2p,50MB,50.00,4,N/A,3,2,1.812422,52428800,27.5874,True
2026-10-04T20:02:19.499369,p2p,50MB,50.00,4,N/A,3,3,1.897913,52428800,26.3447,True
2026-10-04T20:02:19.499767,p2p,50MB,50.00,4,N/A,3,4,1.876841,52428800,26.6405,True
2026-10-04T20:02:21.574160,p2p,50MB,50.00,4,N/A,4,1,1.649034,52428800,30.3208,True
2026-10-04T20:02:21.574917,p2p,50MB,50.00,4,N/A,4,2,1.679459,52428800,29.7715,True
2026-10-04T20:02:21.575556,p2p,50MB,50.00,4,N/A,4,3,1.911067,52428800,26.1634,True
2026-10-04T20:02:21.576013,p2p,50MB,50.00,4,N/A,4,4,1.656996,52428800,30.1751,True
2026-10-04T20:02:23.551099,p2p,50MB,50.00,4,N/A,5,1,1.794207,52428800,27.8675,True
2026-10-04T20:02:23.551660,p2p,50MB,50.00,4,N/A,5,2,1.768147,52428800,28.2782,True
2026-10-04T20:02:23.552026,p2p,50MB,50.00,4,N/A,5,3,1.682127,52428800,29.7243,True
2026-10-04T20:02:23.552401,p2p,50MB,50.00,4,N/A,5,4,1.803934,52428800,27.7172,True
2026-10-04T20:02:24.293922,sequential,50MB,50.00,8,N/A,1,1,0.450608,52428800,110.9611,True
2026-10-04T20:02:24.294513,sequential,50MB,50.00,8,N/A,1,2,0.312959,52428800,159.7651,True
2026-10-04T20:02:24.295022,sequential,50MB,50.00,8,N/A,1,3,0.079384,52428800,629.8514,True
2026-10-04T20:02:24.295550,sequential,50MB,50.00,8,N/A,1,4,0.160501,52428800,311.5243,True
2026-10-04T20:02:24.295991,sequential,50MB,50.00,8,N/A,1,5,0.510027,52428800,98.0339,True
2026-10-04T20:02:24.296405,sequential,50MB,50.00,8,N/A,1,6,0.375532,52428800,133.1443,True
2026-10-04T20:02:24.296755,sequential,50MB,50.00,8,N/A,1,7,0.223663,52428800,223.5510,True
2026-10-04T20:02:24.297140,sequential,50MB,50.00,8,N/A,1,8,0.582551,52428800,85.8294,True
2026-10-04T20:02:25.016249,sequential,50MB,50.00,8,N/A,2,1,0.068747,52428800,727.3013,True
2026-10-04T20:02:25.016641,sequential,50MB,50.00,8,N/A,2,2,0.141337,52428800,353.7654,True
2026-10-04T20:02:25.016955,sequential,50MB,50.00,8,N/A,2,3,0.412046,52428800,121.3456,True
2026-10-04T20:02:25.017251,sequential,50MB,50.00,8,N/A,2,4,0.265631,52428800,188.2308,True
2026-10-04T20:02:25.017527,sequential,50MB,50.00,8,N/A,2,5,0.340801,52428800,146.7132,True
2026-10-04T20:02:25.017872,sequential,50MB,50.00,8,N/A,2,6,0.471235,52428800,106.1042,True
2026-10-04T20:02:25.018203,sequential,50MB,50.00,8,N/A,2,7,0.209588,52428800,238.5637,True
2026-10-04T20:02:25.018661,sequential,50MB,50.00,8,N/A,2,8,0.556349,52428800,89.8717,True
2026-10-04T20:02:25.616157,sequential,50MB,50.00,8,N/A,3,1,0.336165,52428800,148.7364,True
2026-10-04T20:02:25.616580,sequential,50MB,50.00,8,N/A,3,2,0.117546,52428800,425.3665,True
2026-10-04T20:02:25.616907,sequential,50MB,50.00,8,N/A,3,3,0.381938,52428800,130.9112,True
2026-10-04T20:02:25.617238,sequential,50MB,50.00,8,N/A,3,4,0.227699,52428800,219.5885,True
2026-10-04T20:02:25.617539,sequential,50MB,50.00,8,N/A,3,5,0.058550,52428800,853.9783,True
2026-10-04T20:02:25.617819,sequential,50MB,50.00,8,N/A,3,6,0.430675,52428800,116.0969,True
2026-10-04T20:02:25.618040,sequential,50MB,50.00,8,N/A,3,7,0.277160,52428800,180.4012,True
2026-10-04T20:02:25.618308,sequential,50MB,50.00,8,N/A,3,8,0.168289,52428800,297.1071,True
2026-10-04T20:02:26.263169,sequential,50MB,50.00,8,N/A,4,1,0.125404,52428800,398.7123,True
2026-10-04T20:02:26.263605,sequential,50MB,50.00,8,N/A,4,2,0.099662,52428800,501.6937,True
2026-10-04T20:02:26.264029,sequential,50MB,50.00,8,N/A,4,3,0.381057,52428800,131.2141,True
2026-10-04T20:02:26.264392,sequential,50MB,50.00,8,N/A,4,4,0.222963,52428800,224.2527,True
2026-10-04T20:02:26.264858,sequential,50MB,50.00,8,N/A,4,5,0.427593,52428800,116.9336,True
2026-10-04T20:02:26.265279,sequential,50MB,50.00,8,N/A,4,6,0.243513,52428800,205.3275,True
2026-10-04T20:02:26.265711,sequential,50MB,50.00,8,N/A,4,7,0.330409,52428800,151.3276,True
2026-10-04T20:02:26.266173,sequential,50MB,50.00,8,N/A,4,8,0.433101,52428800,115.4466,True
2026-10-04T20:02:26.898149,sequential,50MB,50.00,8,N/A,5,1,0.062489,52428800,800.1421,True
2026-10-04T20:02:26.898789,sequential,50MB,50.00,8,N/A,5,2,0.401477,52428800,124.5403,True
2026-10-04T20:02:26.899176,sequential,50MB,50.00,8,N/A,5,3,0.181218,52428800,275.9114,True
2026-10-04T20:02:26.899536,sequential,50MB,50.00,8,N/A,5,4,0.468184,52428800,106.7956,True
2026-10-04T20:02:26.899890,sequential,50MB,50.00,8,N/A,5,5,0.235172,52428800,212.6100,True
2026-10-04T20:02:26.900294,sequential,50MB,50.00,8,N/A,5,6,0.343887,52428800,145.3967,True
2026-10-04T20:02:26.900804,sequential,50MB,50.00,8,N/A,5,7,0.113758,52428800,439.5284,True
2026-10-04T20:02:26.901219,sequential,50MB,50.00,8,N/A,5,8,0.273799,52428800,182.6154,True
2026-10-04T20:02:27.493529,concurrent,50MB,50.00,8,N/A,1,1,0.311348,52428800,160.5919,True
2026-10-04T20:02:27.494161,concurrent,50MB,50.00,8,N/A,1,2,0.250704,52428800,199.4388,True
2026-10-04T20:02:27.494610,concurrent,50MB,50.00,8,N/A,1,3,0.291293,52428800,171.6482,True
2026-10-04T20:02:27.495086,concurrent,50MB,50.00,8,N/A,1,4,0.280525,52428800,178.2374,True
2026-10-04T20:02:27.495555,concurrent,50MB,50.00,8,N/A,1,5,0.314742,52428800,158.8603,True
2026-10-04T20:02:27.496127,concurrent,50MB,50.00,8,N/A,1,6,0.243447,52428800,205.3832,True
2026-10-04T20:02:27.496559,concurrent,50MB,50.00,8,N/A,1,7,0.252203,52428800,198.2531,True
2026-10-04T20:02:27.496974,concurrent,50MB,50.00,8,N/A,1,8,0.317146,52428800,157.6561,True
2026-10-04T20:02:27.992789,concurrent,50MB,50.00,8,N/A,2,1,0.272138,52428800,183.7304,True
2026-10-04T20:02:27.993562,concurrent,50MB,50.00,8,N/A,2,2,0.321243,52428800,155.6455,True
2026-10-04T20:02:27.994156,concurrent,50MB,50.00,8,N/A,2,3,0.322233,52428800,155.1671,True
2026-10-04T20:02:27.994661,concurrent,50MB,50.00,8,N/A,2,4,0.288276,52428800,173.4452,True
2026-10-04T20:02:27.995164,concurrent,50MB,50.00,8,N/A,2,5,0.316666,52428800,157.8949,True
2026-10-04T20:02:27.995610,concurrent,50MB,50.00,8,N/A,2,6,0.295824,52428800,169.0192,True
2026-10-04T20:02:27.996041,concurrent,50MB,50.00,8,N/A,2,7,0.290238,52428800,172.2726,True
2026-10-04T20:02:27.996467,concurrent,50MB,50.00,8,N/A,2,8,0.327902,52428800,152.4845,True
2026-10-04T20:02:28.480059,concurrent,50MB,50.00,8,N/A,3,1,0.305734,52428800,163.5407,True
2026-10-04T20:02:28.480638,concurrent,50MB,50.00,8,N/A,3,2,0.249246,52428800,200.6048,True
2026-10-04T20:02:28.481061,concurrent,50MB,50.00,8,N/A,3,3,0.307280,52428800,162.7180,True
2026-10-04T20:02:28.481498,concurrent,50MB,50.00,8,N/A,3,4,0.295113,52428800,169.4269,True
2026-10-04T20:02:28.481973,concurrent,50MB,50.00,8,N/A,3,5,0.257532,52428800,194.1508,True
2026-10-04T20:02:28.482327,concurrent,50MB,50.00,8,N/A,3,6,0.224770,52428800,222.4492,True
2026-10-04T20:02:28.482640,concurrent,50MB,50.00,8,N/A,3,7,0.327537,52428800,152.6547,True
2026-10-04T20:02:28.482929,concurrent,50MB,50.00,8,N/A,3,8,0.243667,52428800,205.1978,True
2026-10-04T20:02:28.967449,concurrent,50MB,50.00,8,N/A,4,1,0.320038,52428800,156.2315,True
2026-10-04T20:02:28.967934,concurrent,50MB,50.00,8,N/A,4,2,0.323585,52428800,154.5190,True
2026-10-04T20:02:28.968302,concurrent,50MB,50.00,8,N/A,4,3,0.244003,52428800,204.9153,True
2026-10-04T20:02:28.968648,concurrent,50MB,50.00,8,N/A,4,4,0.267953,52428800,186.5999,True
2026-10-04T20:02:28.968977,concurrent,50MB,50.00,8,N/A,4,5,0.321220,52428800,155.6564,True
2026-10-04T20:02:28.969277,concurrent,50MB,50.00,8,N/A,4,6,0.288356,52428800,173.3966,True
2026-10-04T20:02:28.969615,concurrent,50MB,50.00,8,N/A,4,7,0.318198,52428800,157.1351,True
2026-10-04T20:02:28.969986,concurrent,50MB,50.00,8,N/A,4,8,0.282046,52428800,177.2760,True
2026-10-04T20:02:29.458984,concurrent,50MB,50.00,8,N/A,5,1,0.315569,52428800,158.4439,True
2026-10-04T20:02:29.459565,concurrent,50MB,50.00,8,N/A,5,2,0.300505,52428800,166.3866,True
2026-10-04T20:02:29.459949,concurrent,50MB,50.00,8,N/A,5,3,0.327245,52428800,152.7907,True
2026-10-04T20:02:29.460290,concurrent,50MB,50.00,8,N/A,5,4,0.318648,52428800,156.9128,True
2026-10-04T20:02:29.460630,concurrent,50MB,50.00,8,N/A,5,5,0.311221,52428800,160.6577,True
2026-10-04T20:02:29.461019,concurrent,50MB,50.00,8,N/A,5,6,0.313618,52428800,159.4295,True
2026-10-04T20:02:29.461377,concurrent,50MB,50.00,8,N/A,5,7,0.319340,52428800,156.5730,True
2026-10-04T20:02:29.461753,concurrent,50MB,50.00,8,N/A,5,8,0.297197,52428800,168.2389,True
2026-10-04T20:02:29.966124,pool,50MB,50.00,8,2,1,1,0.181725,52428800,275.1410,True
2026-10-04T20:02:29.966525,pool,50MB,50.00,8,2,1,2,0.094542,52428800,528.8632,True
2026-10-04T20:02:29.966874,pool,50MB,50.00,8,2,1,3,0.182865,52428800,273.4250,True
2026-10-04T20:02:29.967214,pool,50MB,50.00,8,2,1,4,0.270653,52428800,184.7383,True
2026-10-04T20:02:29.967483,pool,50MB,50.00,8,2,1,5,0.341995,52428800,146.2010,True
2026-10-04T20:02:29.967752,pool,50MB,50.00,8,2,1,6,0.344613,52428800,145.0904,True
2026-10-04T20:02:29.968026,pool,50MB,50.00,8,2,1,7,0.093406,52428800,535.2969,True
2026-10-04T20:02:29.968328,pool,50MB,50.00,8,2,1,8,0.251336,52428800,198.9367,True
2026-10-04T20:02:30.445716,pool,50MB,50.00,8,2,2,1,0.171704,52428800,291.1990,True
2026-10-04T20:02:30.446220,pool,50MB,50.00,8,2,2,2,0.087632,52428800,570.5685,True
2026-10-04T20:02:30.446576,pool,50MB,50.00,8,2,2,3,0.234313,52428800,213.3901,True
2026-10-04T20:02:30.446926,pool,50MB,50.00,8,2,2,4,0.164971,52428800,303.0839,True
2026-10-04T20:02:30.447273,pool,50MB,50.00,8,2,2,5,0.089575,52428800,558.1915,True
2026-10-04T20:02:30.447577,pool,50MB,50.00,8,2,2,6,0.311242,52428800,160.6468,True
2026-10-04T20:02:30.447854,pool,50MB,50.00,8,2,2,7,0.239649,52428800,208.6386,True
2026-10-04T20:02:30.448129,pool,50MB,50.00,8,2,2,8,0.315651,52428800,158.4028,True
2026-10-04T20:02:30.929270,pool,50MB,50.00,8,2,3,1,0.155435,52428800,321.6770,True
2026-10-04T20:02:30.929845,pool,50MB,50.00,8,2,3,2,0.318344,52428800,157.0629,True
2026-10-04T20:02:30.930351,pool,50MB,50.00,8,2,3,3,0.078455,52428800,637.3104,True
2026-10-04T20:02:30.930998,pool,50MB,50.00,8,2,3,4,0.077854,52428800,642.2311,True
2026-10-04T20:02:30.931804,pool,50MB,50.00,8,2,3,5,0.154010,52428800,324.6551,True
2026-10-04T20:02:30.933767,pool,50MB,50.00,8,2,3,6,0.319747,52428800,156.3738,True
2026-10-04T20:02:30.934083,pool,50MB,50.00,8,2,3,7,0.237405,52428800,210.6106,True
2026-10-04T20:02:30.934462,pool,50MB,50.00,8,2,3,8,0.238023,52428800,210.0639,True
2026-10-04T20:02:31.348521,pool,50MB,50.00,8,2,4,1,0.104636,52428800,477.8466,True
2026-10-04T20:02:31.348910,pool,50MB,50.00,8,2,4,2,0.069678,52428800,717.5846,True
2026-10-04T20:02:31.349171,pool,50MB,50.00,8,2,4,3,0.189076,52428800,264.4445,True
2026-10-04T20:02:31.353416,pool,50MB,50.00,8,2,4,4,0.070143,52428800,712.8305,True
2026-10-04T20:02:31.353758,pool,50MB,50.00,8,2,4,5,0.254320,52428800,196.6028,True
2026-10-04T20:02:31.354146,pool,50MB,50.00,8,2,4,6,0.254485,52428800,196.4749,True
2026-10-04T20:02:31.354534,pool,50MB,50.00,8,2,4,7,0.126278,52428800,395.9515,True
2026-10-04T20:02:31.355395,pool,50MB,50.00,8,2,4,8,0.191255,52428800,261.4318,True
2026-10-04T20:02:31.806503,pool,50MB,50.00,8,2,5,1,0.085286,52428800,586.2648,True
2026-10-04T20:02:31.807040,pool,50MB,50.00,8,2,5,2,0.221142,52428800,226.0986,True
2026-10-04T20:02:31.807668,pool,50MB,50.00,8,2,5,3,0.155456,52428800,321.6340,True
2026-10-04T20:02:31.808387,pool,50MB,50.00,8,2,5,4,0.226351,52428800,220.8956,True
2026-10-04T20:02:31.808843,pool,50MB,50.00,8,2,5,5,0.086622,52428800,577.2206,True
2026-10-04T20:02:31.809171,pool,50MB,50.00,8,2,5,6,0.290344,52428800,172.2098,True
2026-10-04T20:02:31.809625,pool,50MB,50.00,8,2,5,7,0.152314,52428800,328.2692,True
2026-10-04T20:02:31.810037,pool,50MB,50.00,8,2,5,8,0.288238,52428800,173.4679,True
2026-10-04T20:02:32.278110,pool,50MB,50.00,8,4,1,1,0.157235,52428800,317.9945,True
2026-10-04T20:02:32.278579,pool,50MB,50.00,8,4,1,2,0.293556,52428800,170.3255,True
2026-10-04T20:02:32.278920,pool,50MB,50.00,8,4,1,3,0.165595,52428800,301.9411,True
2026-10-04T20:02:32.279256,pool,50MB,50.00,8,4,1,4,0.292069,52428800,171.1923,True
2026-10-04T20:02:32.279549,pool,50MB,50.00,8,4,1,5,0.307635,52428800,162.5302,True
2026-10-04T20:02:32.279950,pool,50MB,50.00,8,4,1,6,0.171758,52428800,291.1069,True
2026-10-04T20:02:32.280284,pool,50MB,50.00,8,4,1,7,0.306298,52428800,163.2396,True
2026-10-04T20:02:32.280675,pool,50MB,50.00,8,4,1,8,0.159368,52428800,313.7385,True
2026-10-04T20:02:32.724901,pool,50MB,50.00,8,4,2,1,0.272083,52428800,183.7672,True
2026-10-04T20:02:32.725591,pool,50MB,50.00,8,4,2,2,0.134200,52428800,372.5771,True
2026-10-04T20:02:32.726205,pool,50MB,50.00,8,4,2,3,0.285713,52428800,175.0006,True
2026-10-04T20:02:32.726610,pool,50MB,50.00,8,4,2,4,0.142196,52428800,351.6281,True
2026-10-04T20:02:32.726925,pool,50MB,50.00,8,4,2,5,0.278460,52428800,179.5587,True
2026-10-04T20:02:32.727270,pool,50MB,50.00,8,4,2,6,0.135089,52428800,370.1250,True
2026-10-04T20:02:32.727584,pool,50MB,50.00,8,4,2,7,0.133437,52428800,374.7075,True
2026-10-04T20:02:32.727857,pool,50MB,50.00,8,4,2,8,0.273770,52428800,182.6352,True
2026-10-04T20:02:33.193837,pool,50MB,50.00,8,4,3,1,0.147402,52428800,339.2075,True
2026-10-04T20:02:33.194231,pool,50MB,50.00,8,4,3,2,0.287583,52428800,173.8631,True
2026-10-04T20:02:33.194527,pool,50MB,50.00,8,4,3,3,0.301554,52428800,165.8077,True
2026-10-04T20:02:33.194819,pool,50MB,50.00,8,4,3,4,0.169293,52428800,295.3459,True
2026-10-04T20:02:33.195178,pool,50MB,50.00,8,4,3,5,0.176435,52428800,283.3906,True
2026-10-04T20:02:33.195561,pool,50MB,50.00,8,4,3,6,0.305853,52428800,163.4772,True
2026-10-04T20:02:33.195905,pool,50MB,50.00,8,4,3,7,0.302271,52428800,165.4146,True
2026-10-04T20:02:33.196227,pool,50MB,50.00,8,4,3,8,0.152842,52428800,327.1363,True
2026-10-04T20:02:33.627096,pool,50MB,50.00,8,4,4,1,0.267000,52428800,187.2661,True
2026-10-04T20:02:33.627759,pool,50MB,50.00,8,4,4,2,0.150628,52428800,331.9425,True
2026-10-04T20:02:33.628104,pool,50MB,50.00,8,4,4,3,0.134668,52428800,371.2826,True
2026-10-04T20:02:33.628515,pool,50MB,50.00,8,4,4,4,0.256686,52428800,194.7904,True
2026-10-04T20:02:33.628786,pool,50MB,50.00,8,4,4,5,0.135212,52428800,369.7886,True
2026-10-04T20:02:33.629040,pool,50MB,50.00,8,4,4,6,0.150756,52428800,331.6611,True
2026-10-04T20:02:33.629269,pool,50MB,50.00,8,4,4,7,0.267879,52428800,186.6513,True
2026-10-04T20:02:33.629518,pool,50MB,50.00,8,4,4,8,0.255850,52428800,195.4269,True
2026-10-04T20:02:34.084502,pool,50MB,50.00,8,4,5,1,0.287188,52428800,174.1020,True
2026-10-04T20:02:34.084902,pool,50MB,50.00,8,4,5,2,0.147558,52428800,338.8496,True
2026-10-04T20:02:34.085247,pool,50MB,50.00,8,4,5,3,0.144203,52428800,346.7325,True
2026-10-04T20:02:34.085607,pool,50MB,50.00,8,4,5,4,0.141342,52428800,353.7521,True
2026-10-04T20:02:34.085851,pool,50MB,50.00,8,4,5,5,0.297359,52428800,168.1470,True
2026-10-04T20:02:34.086113,pool,50MB,50.00,8,4,5,6,0.293927,52428800,170.1101,True
2026-10-04T20:02:34.086349,pool,50MB,50.00,8,4,5,7,0.287996,52428800,173.6136,True
2026-10-04T20:02:34.086567,pool,50MB,50.00,8,4,5,8,0.142166,52428800,351.7010,True
2026-10-04T20:02:34.547746,pool,50MB,50.00,8,8,1,1,0.274562,52428800,182.1083,True
2026-10-04T20:02:34.548275,pool,50MB,50.00,8,8,1,2,0.302645,52428800,165.2100,True
2026-10-04T20:02:34.548712,pool,50MB,50.00,8,8,1,3,0.282212,52428800,177.1720,True
2026-10-04T20:02:34.549083,pool,50MB,50.00,8,8,1,4,0.292498,52428800,170.9411,True
2026-10-04T20:02:34.549459,pool,50MB,50.00,8,8,1,5,0.301216,52428800,165.9939,True
2026-10-04T20:02:34.549935,pool,50MB,50.00,8,8,1,6,0.288943,52428800,173.0446,True
2026-10-04T20:02:34.550328,pool,50MB,50.00,8,8,1,7,0.283400,52428800,176.4293,True
2026-10-04T20:02:34.550697,pool,50MB,50.00,8,8,1,8,0.300692,52428800,166.2833,True
2026-10-04T20:02:35.028123,pool,50MB,50.00,8,8,2,1,0.319603,52428800,156.4442,True
2026-10-04T20:02:35.028564,pool,50MB,50.00,8,8,2,2,0.284836,52428800,175.5399,True
2026-10-04T20:02:35.028874,pool,50MB,50.00,8,8,2,3,0.316376,52428800,158.0400,True
2026-10-04T20:02:35.029159,pool,50MB,50.00,8,8,2,4,0.280897,52428800,178.0011,True
2026-10-04T20:02:35.029451,pool,50MB,50.00,8,8,2,5,0.288985,52428800,173.0192,True
2026-10-04T20:02:35.029760,pool,50MB,50.00,8,8,2,6,0.321101,52428800,155.7144,True
2026-10-04T20:02:35.030024,pool,50MB,50.00,8,8,2,7,0.313895,52428800,159.2887,True
2026-10-04T20:02:35.030298,pool,50MB,50.00,8,8,2,8,0.310336,52428800,161.1156,True
2026-10-04T20:02:35.543417,pool,50MB,50.00,8,8,3,1,0.304080,52428800,164.4304,True
2026-10-04T20:02:35.544154,pool,50MB,50.00,8,8,3,2,0.333616,52428800,149.8731,True
2026-10-04T20:02:35.544627,pool,50MB,50.00,8,8,3,3,0.316334,52428800,158.0610,True
2026-10-04T20:02:35.545030,pool,50MB,50.00,8,8,3,4,0.175450,52428800,284.9815,True
2026-10-04T20:02:35.545360,pool,50MB,50.00,8,8,3,5,0.333741,52428800,149.8170,True
2026-10-04T20:02:35.545628,pool,50MB,50.00,8,8,3,6,0.212267,52428800,235.5525,True
2026-10-04T20:02:35.545872,pool,50MB,50.00,8,8,3,7,0.313020,52428800,159.7341,True
2026-10-04T20:02:35.546163,pool,50MB,50.00,8,8,3,8,0.314038,52428800,159.2167,True
2026-10-04T20:02:36.019115,pool,50MB,50.00,8,8,4,1,0.311741,52428800,160.3896,True
2026-10-04T20:02:36.019582,pool,50MB,50.00,8,8,4,2,0.270479,52428800,184.8570,True
2026-10-04T20:02:36.019936,pool,50MB,50.00,8,8,4,3,0.314288,52428800,159.0896,True
2026-10-04T20:02:36.020300,pool,50MB,50.00,8,8,4,4,0.301020,52428800,166.1019,True
2026-10-04T20:02:36.020580,pool,50MB,50.00,8,8,4,5,0.245862,52428800,203.3664,True
2026-10-04T20:02:36.020858,pool,50MB,50.00,8,8,4,6,0.311495,52428800,160.5162,True
2026-10-04T20:02:36.021139,pool,50MB,50.00,8,8,4,7,0.263563,52428800,189.7076,True
2026-10-04T20:02:36.021455,pool,50MB,50.00,8,8,4,8,0.245882,52428800,203.3493,True
2026-10-04T20:02:36.488247,pool,50MB,50.00,8,8,5,1,0.305525,52428800,163.6525,True
2026-10-04T20:02:36.488986,pool,50MB,50.00,8,8,5,2,0.292970,52428800,170.6660,True
2026-10-04T20:02:36.489550,pool,50MB,50.00,8,8,5,3,0.289095,52428800,172.9533,True
2026-10-04T20:02:36.489996,pool,50MB,50.00,8,8,5,4,0.293094,52428800,170.5934,True
2026-10-04T20:02:36.490458,pool,50MB,50.00,8,8,5,5,0.297203,52428800,168.2353,True
2026-10-04T20:02:36.491165,pool,50MB,50.00,8,8,5,6,0.296437,52428800,168.6698,True
2026-10-04T20:02:36.491738,pool,50MB,50.00,8,8,5,7,0.292945,52428800,170.6806,True
2026-10-04T20:02:36.492372,pool,50MB,50.00,8,8,5,8,0.294522,52428800,169.7668,True
2026-10-04T20:02:39.116023,p2p,50MB,50.00,8,N/A,1,1,2.390647,52428800,20.9148,True
2026-10-04T20:02:39.116506,p2p,50MB,50.00,8,N/A,1,2,2.416127,52428800,20.6943,True
2026-10-04T20:02:39.116844,p2p,50MB,50.00,8,N/A,1,3,2.381759,52428800,20.9929,True
2026-10-04T20:02:39.117171,p2p,50MB,50.00,8,N/A,1,4,2.391992,52428800,20.9031,True
2026-10-04T20:02:39.117563,p2p,50MB,50.00,8,N/A,1,5,2.393558,52428800,20.8894,True
2026-10-04T20:02:39.117881,p2p,50MB,50.00,8,N/A,1,6,2.398547,52428800,20.8460,True
2026-10-04T20:02:39.118191,p2p,50MB,50.00,8,N/A,1,7,2.390120,52428800,20.9195,True
2026-10-04T20:02:39.118514,p2p,50MB,50.00,8,N/A,1,8,2.395320,52428800,20.8740,True
2026-10-04T20:02:41.039030,p2p,50MB,50.00,8,N/A,2,1,1.745155,52428800,28.6508,True
2026-10-04T20:02:41.039597,p2p,50MB,50.00,8,N/A,2,2,1.707200,52428800,29.2877,True
2026-10-04T20:02:41.040014,p2p,50MB,50.00,8,N/A,2,3,1.758421,52428800,28.4346,True
2026-10-04T20:02:41.040414,p2p,50MB,50.00,8,N/A,2,4,1.753683,52428800,28.5114,True
2026-10-04T20:02:41.040801,p2p,50MB,50.00,8,N/A,2,5,1.665098,52428800,30.0283,True
2026-10-04T20:02:41.041226,p2p,50MB,50.00,8,N/A,2,6,1.730205,52428800,28.8983,True
2026-10-04T20:02:41.041994,p2p,50MB,50.00,8,N/A,2,7,1.717791,52428800,29.1071,True
2026-10-04T20:02:41.042572,p2p,50MB,50.00,8,N/A,2,8,1.740205,52428800,28.7323,True
2026-10-04T20:02:42.930181,p2p,50MB,50.00,8,N/A,3,1,1.691702,52428800,29.5560,True
2026-10-04T20:02:42.930681,p2p,50MB,50.00,8,N/A,3,2,1.723042,52428800,29.0184,True
2026-10-04T20:02:42.931054,p2p,50MB,50.00,8,N/A,3,3,1.667328,52428800,29.9881,True
2026-10-04T20:02:42.931529,p2p,50MB,50.00,8,N/A,3,4,1.697833,52428800,29.4493,True
2026-10-04T20:02:42.931875,p2p,50MB,50.00,8,N/A,3,5,1.711764,52428800,29.2096,True
2026-10-04T20:02:42.932205,p2p,50MB,50.00,8,N/A,3,6,1.719209,52428800,29.0831,True
2026-10-04T20:02:42.932516,p2p,50MB,50.00,8,N/A,3,7,1.728414,52428800,28.9283,True
2026-10-04T20:02:42.932829,p2p,50MB,50.00,8,N/A,3,8,1.707465,52428800,29.2832,True
2026-10-04T20:02:45.449238,p2p,50MB,50.00,8,N/A,4,1,2.333045,52428800,21.4312,True
2026-10-04T20:02:45.449907,p2p,50MB,50.00,8,N/A,4,2,2.285043,52428800,21.8814,True
2026-10-04T20:02:45.450506,p2p,50MB,50.00,8,N/A,4,3,2.294099,52428800,21.7950,True
2026-10-04T20:02:45.451070,p2p,50MB,50.00,8,N/A,4,4,2.295138,52428800,21.7852,True
2026-10-04T20:02:45.451567,p2p,50MB,50.00,8,N/A,4,5,2.312016,52428800,21.6261,True
2026-10-04T20:02:45.452037,p2p,50MB,50.00,8,N/A,4,6,2.265339,52428800,22.0718,True
2026-10-04T20:02:45.452731,p2p,50MB,50.00,8,N/A,4,7,2.275471,52428800,21.9735,True
2026-10-04T20:02:45.453131,p2p,50MB,50.00,8,N/A,4,8,2.327565,52428800,21.4817,True
2026-10-04T20:02:47.483186,p2p,50MB,50.00,8,N/A,5,1,1.777748,52428800,28.1255,True
2026-10-04T20:02:47.483685,p2p,50MB,50.00,8,N/A,5,2,1.790373,52428800,27.9271,True
2026-10-04T20:02:47.484044,p2p,50MB,50.00,8,N/A,5,3,1.770399,52428800,28.2422,True
2026-10-04T20:02:47.484309,p2p,50MB,50.00,8,N/A,5,4,1.758959,52428800,28.4259,True
2026-10-04T20:02:47.484605,p2p,50MB,50.00,8,N/A,5,5,1.784745,52428800,28.0152,True
2026-10-04T20:02:47.484868,p2p,50MB,50.00,8,N/A,5,6,1.788709,52428800,27.9531,True
2026-10-04T20:02:47.485317,p2p,50MB,50.00,8,N/A,5,7,1.788853,52428800,27.9509,True
2026-10-04T20:02:47.485841,p2p,50MB,50.00,8,N/A,5,8,1.847795,52428800,27.0593,True
2026-10-04T20:02:48.137213,sequential,500MB,500.00,1,N/A,1,1,0.497857,524288000,1004.3053,True
2026-10-04T20:02:48.885314,sequential,500MB,500.00,1,N/A,2,1,0.592623,524288000,843.7061,True
2026-10-04T20:02:49.528610,sequential,500MB,500.00,1,N/A,3,1,0.467694,524288000,1069.0755,True
2026-10-04T20:02:50.175854,sequential,500MB,500.00,1,N/A,4,1,0.468878,524288000,1066.3752,True
2026-10-04T20:02:50.863849,sequential,500MB,500.00,1,N/A,5,1,0.510503,524288000,979.4256,True
2026-10-04T20:02:51.604834,concurrent,500MB,500.00,1,N/A,1,1,0.559747,524288000,893.2609,True
2026-10-04T20:02:52.289673,concurrent,500MB,500.00,1,N/A,2,1,0.531093,524288000,941.4552,True
2026-10-04T20:02:52.971327,concurrent,500MB,500.00,1,N/A,3,1,0.526105,524288000,950.3814,True
2026-10-04T20:02:53.634625,concurrent,500MB,500.00,1,N/A,4,1,0.485972,524288000,1028.8648,True
2026-10-04T20:02:54.282152,concurrent,500MB,500.00,1,N/A,5,1,0.484059,524288000,1032.9324,True
2026-10-04T20:02:55.013713,pool,500MB,500.00,1,2,1,1,0.553559,524288000,903.2458,True
2026-10-04T20:02:55.683824,pool,500MB,500.00,1,2,2,1,0.495773,524288000,1008.5267,True
2026-10-04T20:02:56.336689,pool,500MB,500.00,1,2,3,1,0.480558,524288000,1040.4565,True
2026-10-04T20:02:57.051945,pool,500MB,500.00,1,2,4,1,0.545676,524288000,916.2950,True
2026-10-04T20:02:57.706545,pool,500MB,500.00,1,2,5,1,0.482209,524288000,1036.8952,True
2026-10-04T20:02:58.401813,pool,500MB,500.00,1,4,1,1,0.540363,524288000,925.3043,True
2026-10-04T20:02:59.082509,pool,500MB,500.00,1,4,2,1,0.514138,524288000,972.5017,True
2026-10-04T20:02:59.757951,pool,500MB,500.00,1,4,3,1,0.503911,524288000,992.2393,True
2026-10-04T20:03:00.445887,pool,500MB,500.00,1,4,4,1,0.496584,524288000,1006.8786,True
2026-10-04T20:03:01.093616,pool,500MB,500.00,1,4,5,1,0.471870,524288000,1059.6139,True
2026-10-04T20:03:01.762571,pool,500MB,500.00,1,8,1,1,0.513894,524288000,972.9642,True
2026-10-04T20:03:02.397431,pool,500MB,500.00,1,8,2,1,0.480791,524288000,1039.9540,True
2026-10-04T20:03:03.048950,pool,500MB,500.00,1,8,3,1,0.485255,524288000,1030.3859,True
2026-10-04T20:03:03.731469,pool,500MB,500.00,1,8,4,1,0.504426,524288000,991.2253,True
2026-10-04T20:03:04.401819,pool,500MB,500.00,1,8,5,1,0.497466,524288000,1005.0936,True
2026-10-04T20:03:08.956439,p2p,500MB,500.00,1,N/A,1,1,4.393759,524288000,113.7978,True
2026-10-04T20:03:14.311598,p2p,500MB,500.00,1,N/A,2,1,5.143224,524288000,97.2153,True
2026-10-04T20:03:20.668682,p2p,500MB,500.00,1,N/A,3,1,6.156388,524288000,81.2165,True
2026-10-04T20:03:26.800674,p2p,500MB,500.00,1,N/A,4,1,5.934257,524288000,84.2566,True
2026-10-04T20:03:33.084093,p2p,500MB,500.00,1,N/A,5,1,6.069103,524288000,82.3845,True
2026-10-04T20:03:36.084235,sequential,500MB,500.00,2,N/A,1,1,1.419104,524288000,352.3349,True
2026-10-04T20:03:36.090308,sequential,500MB,500.00,2,N/A,1,2,2.826843,524288000,176.8757,True
2026-10-04T20:03:38.971983,sequential,500MB,500.00,2,N/A,2,1,1.363186,524288000,366.7878,True
2026-10-04T20:03:38.973254,sequential,500MB,500.00,2,N/A,2,2,2.707602,524288000,184.6652,True
2026-10-04T20:03:42.227254,sequential,500MB,500.00,2,N/A,3,1,1.529643,524288000,326.8735,True
2026-10-04T20:03:42.228414,sequential,500MB,500.00,2,N/A,3,2,3.098128,524288000,161.3878,True
2026-10-04T20:03:45.126064,sequential,500MB,500.00,2,N/A,4,1,2.726476,524288000,183.3869,True
2026-10-04T20:03:45.127003,sequential,500MB,500.00,2,N/A,4,2,1.357046,524288000,368.4475,True
2026-10-04T20:03:48.117207,sequential,500MB,500.00,2,N/A,5,1,1.481457,524288000,337.5057,True
2026-10-04T20:03:48.118560,sequential,500MB,500.00,2,N/A,5,2,2.780813,524288000,179.8035,True
2026-10-04T20:03:50.027142,concurrent,500MB,500.00,2,N/A,1,1,1.749299,524288000,285.8287,True
2026-10-04T20:03:50.028126,concurrent,500MB,500.00,2,N/A,1,2,1.737798,524288000,287.7204,True
2026-10-04T20:03:51.937913,concurrent,500MB,500.00,2,N/A,2,1,1.685906,524288000,296.5764,True
2026-10-04T20:03:51.938549,concurrent,500MB,500.00,2,N/A,2,2,1.753356,524288000,285.1674,True
2026-10-04T20:03:53.719803,concurrent,500MB,500.00,2,N/A,3,1,1.595553,524288000,313.3709,True
2026-10-04T20:03:53.721172,concurrent,500MB,500.00,2,N/A,3,2,1.619401,524288000,308.7561,True
2026-10-04T20:03:55.627682,concurrent,500MB,500.00,2,N/A,4,1,1.720572,524288000,290.6010,True
2026-10-04T20:03:55.628323,concurrent,500MB,500.00,2,N/A,4,2,1.735622,524288000,288.0811,True
2026-10-04T20:03:57.767978,concurrent,500MB,500.00,2,N/A,5,1,1.982404,524288000,252.2190,True
2026-10-04T20:03:57.769451,concurrent,500MB,500.00,2,N/A,5,2,1.958557,524288000,255.2900,True
2026-10-04T20:03:59.743713,pool,500MB,500.00,2,2,1,1,1.704337,524288000,293.3692,True
2026-10-04T20:03:59.744674,pool,500MB,500.00,2,2,1,2,1.652018,524288000,302.6601,True
2026-10-04T20:04:01.674823,pool,500MB,500.00,2,2,2,1,1.762789,524288000,283.6415,True
2026-10-04T20:04:01.675814,pool,500MB,500.00,2,2,2,2,1.770651,524288000,282.3820,True
2026-10-04T20:04:03.671368,pool,500MB,500.00,2,2,3,1,1.816178,524288000,275.3034,True
2026-10-04T20:04:03.672719,pool,500MB,500.00,2,2,3,2,1.735760,524288000,288.0582,True
2026-10-04T20:04:05.599939,pool,500MB,500.00,2,2,4,1,1.706803,524288000,292.9453,True
2026-10-04T20:04:05.601253,pool,500MB,500.00,2,2,4,2,1.743878,524288000,286.7173,True
2026-10-04T20:04:07.557124,pool,500MB,500.00,2,2,5,1,1.683504,524288000,296.9995,True
2026-10-04T20:04:07.559391,pool,500MB,500.00,2,2,5,2,1.757624,524288000,284.4750,True
2026-10-04T20:04:09.388432,pool,500MB,500.00,2,4,1,1,1.664306,524288000,300.4255,True
2026-10-04T20:04:09.389782,pool,500MB,500.00,2,4,1,2,1.658742,524288000,301.4333,True
2026-10-04T20:04:11.459082,pool,500MB,500.00,2,4,2,1,1.852003,524288000,269.9780,True
2026-10-04T20:04:11.460468,pool,500MB,500.00,2,4,2,2,1.691312,524288000,295.6284,True
2026-10-04T20:04:13.311491,pool,500MB,500.00,2,4,3,1,1.691599,524288000,295.5784,True
2026-10-04T20:04:13.312693,pool,500MB,500.00,2,4,3,2,1.693105,524288000,295.3154,True
2026-10-04T20:04:15.540103,pool,500MB,500.00,2,4,4,1,2.070628,524288000,241.4726,True
2026-10-04T20:04:15.541454,pool,500MB,500.00,2,4,4,2,1.871061,524288000,267.2281,True
2026-10-04T20:04:17.696523,pool,500MB,500.00,2,4,5,1,1.979447,524288000,252.5958,True
2026-10-04T20:04:17.698102,pool,500MB,500.00,2,4,5,2,1.997396,524288000,250.3259,True
2026-10-04T20:04:21.675253,pool,500MB,500.00,2,8,1,1,3.767142,524288000,132.7266,True
2026-10-04T20:04:21.676011,pool,500MB,500.00,2,8,1,2,2.027136,524288000,246.6534,True
2026-10-04T20:04:24.726375,pool,500MB,500.00,2,8,2,1,2.758086,524288000,181.2852,True
2026-10-04T20:04:24.727056,pool,500MB,500.00,2,8,2,2,2.777530,524288000,180.0161,True
2026-10-04T20:04:26.856237,pool,500MB,500.00,2,8,3,1,1.724902,524288000,289.8716,True
2026-10-04T20:04:26.857480,pool,500MB,500.00,2,8,3,2,1.961688,524288000,254.8825,True
2026-10-04T20:04:28.728410,pool,500MB,500.00,2,8,4,1,1.681183,524288000,297.4097,True
2026-10-04T20:04:28.729932,pool,500MB,500.00,2,8,4,2,1.710619,524288000,292.2919,True
2026-10-04T20:04:30.836067,pool,500MB,500.00,2,8,5,1,1.744836,524288000,286.5599,True
2026-10-04T20:04:30.837538,pool,500MB,500.00,2,8,5,2,1.940413,524288000,257.6771,True
2026-10-04T20:04:38.094551,p2p,500MB,500.00,2,N/A,1,1,6.788350,524288000,73.6556,True
2026-10-04T20:04:38.095672,p2p,500MB,500.00,2,N/A,1,2,6.940965,524288000,72.0361,True
2026-10-04T20:04:45.015791,p2p,500MB,500.00,2,N/A,2,1,6.494583,524288000,76.9872,True
2026-10-04T20:04:45.016916,p2p,500MB,500.00,2,N/A,2,2,6.587341,524288000,75.9032,True
2026-10-04T20:04:52.031416,p2p,500MB,500.00,2,N/A,3,1,6.532959,524288000,76.5350,True
2026-10-04T20:04:52.032453,p2p,500MB,500.00,2,N/A,3,2,6.732583,524288000,74.2657,True
2026-10-04T20:04:59.480688,p2p,500MB,500.00,2,N/A,4,1,7.134916,524288000,70.0779,True
2026-10-04T20:04:59.481902,p2p,500MB,500.00,2,N/A,4,2,7.041189,524288000,71.0107,True
2026-10-04T20:05:16.341968,p2p,500MB,500.00,2,N/A,5,1,15.992074,524288000,31.2655,True
2026-10-04T20:05:16.344027,p2p,500MB,500.00,2,N/A,5,2,16.538822,524288000,30.2319,True
2026-10-04T20:05:21.662458,sequential,500MB,500.00,4,N/A,1,1,1.270381,524288000,393.5828,True
2026-10-04T20:05:21.663444,sequential,500MB,500.00,4,N/A,1,2,3.827777,524288000,130.6241,True
2026-10-04T20:05:21.666873,sequential,500MB,500.00,4,N/A,1,3,2.601818,524288000,192.1733,True
2026-10-04T20:05:21.667695,sequential,500MB,500.00,4,N/A,1,4,4.968517,524288000,100.6337,True
2026-10-04T20:05:24.859906,sequential,500MB,500.00,4,N/A,2,1,2.471473,524288000,202.3085,True
2026-10-04T20:05:24.860955,sequential,500MB,500.00,4,N/A,2,2,1.775974,524288000,281.5357,True
2026-10-04T20:05:24.861510,sequential,500MB,500.00,4,N/A,2,3,0.906568,524288000,551.5304,True
2026-10-04T20:05:24.861982,sequential,500MB,500.00,4,N/A,2,4,3.036748,524288000,164.6498,True
2026-10-04T20:05:27.249832,sequential,500MB,500.00,4,N/A,3,1,1.111319,524288000,449.9157,True
2026-10-04T20:05:27.250210,sequential,500MB,500.00,4,N/A,3,2,1.698145,524288000,294.4389,True
2026-10-04T20:05:27.250455,sequential,500MB,500.00,4,N/A,3,3,2.230076,524288000,224.2076,True
2026-10-04T20:05:27.250670,sequential,500MB,500.00,4,N/A,3,4,0.583706,524288000,856.5962,True
2026-10-04T20:05:29.877062,sequential,500MB,500.00,4,N/A,4,1,1.321726,524288000,378.2933,True
2026-10-04T20:05:29.878420,sequential,500MB,500.00,4,N/A,4,2,1.963603,524288000,254.6340,True
2026-10-04T20:05:29.879624,sequential,500MB,500.00,4,N/A,4,3,2.471066,524288000,202.3418,True
2026-10-04T20:05:29.880593,sequential,500MB,500.00,4,N/A,4,4,0.562505,524288000,888.8804,True
2026-10-04T20:05:31.935699,sequential,500MB,500.00,4,N/A,5,1,0.492029,524288000,1016.2005,True
2026-10-04T20:05:31.936068,sequential,500MB,500.00,4,N/A,5,2,1.425422,524288000,350.7734,True
2026-10-04T20:05:31.936431,sequential,500MB,500.00,4,N/A,5,3,0.962227,524288000,519.6277,True
2026-10-04T20:05:31.936960,sequential,500MB,500.00,4,N/A,5,4,1.901581,524288000,262.9391,True
2026-10-04T20:05:33.378120,concurrent,500MB,500.00,4,N/A,1,1,1.232849,524288000,405.5646,True
2026-10-04T20:05:33.379228,concurrent,500MB,500.00,4,N/A,1,2,1.234276,524288000,405.0957,True
2026-10-04T20:05:33.380152,concurrent,500MB,500.00,4,N/A,1,3,1.282233,524288000,389.9447,True
2026-10-04T20:05:33.380857,concurrent,500MB,500.00,4,N/A,1,4,1.285396,524288000,388.9851,True
2026-10-04T20:05:35.091079,concurrent,500MB,500.00,4,N/A,2,1,1.423801,524288000,351.1727,True
2026-10-04T20:05:35.091565,concurrent,500MB,500.00,4,N/A,2,2,1.423998,524288000,351.1241,True
2026-10-04T20:05:35.091946,concurrent,500MB,500.00,4,N/A,2,3,1.532157,524288000,326.3373,True
2026-10-04T20:05:35.092342,concurrent,500MB,500.00,4,N/A,2,4,1.554488,524288000,321.6493,True
2026-10-04T20:05:36.585823,concurrent,500MB,500.00,4,N/A,3,1,1.336930,524288000,373.9911,True
2026-10-04T20:05:36.586304,concurrent,500MB,500.00,4,N/A,3,2,1.288954,524288000,387.9114,True
2026-10-04T20:05:36.587204,concurrent,500MB,500.00,4,N/A,3,3,1.303325,524288000,383.6343,True
2026-10-04T20:05:36.587836,concurrent,500MB,500.00,4,N/A,3,4,1.300437,524288000,384.4860,True
2026-10-04T20:05:38.300763,concurrent,500MB,500.00,4,N/A,4,1,1.448843,524288000,345.1029,True
2026-10-04T20:05:38.301251,concurrent,500MB,500.00,4,N/A,4,2,1.485970,524288000,336.4806,True
2026-10-04T20:05:38.301599,concurrent,500MB,500.00,4,N/A,4,3,1.390630,524288000,359.5492,True
2026-10-04T20:05:38.301984,concurrent,500MB,500.00,4,N/A,4,4,1.352000,524288000,369.8224,True
2026-10-04T20:05:39.966486,concurrent,500MB,500.00,4,N/A,5,1,1.479259,524288000,338.0072,True
2026-10-04T20:05:39.967086,concurrent,500MB,500.00,4,N/A,5,2,1.509443,524288000,331.2480,True
2026-10-04T20:05:39.967794,concurrent,500MB,500.00,4,N/A,5,3,1.366786,524288000,365.8217,True
2026-10-04T20:05:39.968742,concurrent,500MB,500.00,4,N/A,5,4,1.381334,524288000,361.9690,True
2026-10-04T20:05:41.489581,pool,500MB,500.00,4,2,1,1,1.361300,524288000,367.2961,True
2026-10-04T20:05:41.490205,pool,500MB,500.00,4,2,1,2,0.728461,524288000,686.3782,True
2026-10-04T20:05:41.490555,pool,500MB,500.00,4,2,1,3,1.361362,524288000,367.2793,True
2026-10-04T20:05:41.490920,pool,500MB,500.00,4,2,1,4,0.727840,524288000,686.9645,True
2026-10-04T20:05:43.188561,pool,500MB,500.00,4,2,2,1,0.742921,524288000,673.0193,True
2026-10-04T20:05:43.189275,pool,500MB,500.00,4,2,2,2,1.542002,524288000,324.2538,True
2026-10-04T20:05:43.190097,pool,500MB,500.00,4,2,2,3,1.508525,524288000,331.4497,True
2026-10-04T20:05:43.190610,pool,500MB,500.00,4,2,2,4,0.764155,524288000,654.3176,True
2026-10-04T20:05:45.188294,pool,500MB,500.00,4,2,3,1,1.034136,524288000,483.4955,True
2026-10-04T20:05:45.188869,pool,500MB,500.00,4,2,3,2,1.842391,524288000,271.3865,True
2026-10-04T20:05:45.189258,pool,500MB,500.00,4,2,3,3,0.994484,524288000,502.7735,True
2026-10-04T20:05:45.189637,pool,500MB,500.00,4,2,3,4,1.765556,524288000,283.1969,True
2026-10-04T20:05:46.959665,pool,500MB,500.00,4,2,4,1,1.609895,524288000,310.5793,True
2026-10-04T20:05:46.960131,pool,500MB,500.00,4,2,4,2,1.612306,524288000,310.1149,True
2026-10-04T20:05:46.960577,pool,500MB,500.00,4,2,4,3,0.740912,524288000,674.8439,True
2026-10-04T20:05:46.960907,pool,500MB,500.00,4,2,4,4,0.757811,524288000,659.7947,True
2026-10-04T20:05:48.547436,pool,500MB,500.00,4,2,5,1,1.378362,524288000,362.7495,True
2026-10-04T20:05:48.547987,pool,500MB,500.00,4,2,5,2,1.428479,524288000,350.0225,True
2026-10-04T20:05:48.548299,pool,500MB,500.00,4,2,5,3,0.795527,524288000,628.5145,True
2026-10-04T20:05:48.548562,pool,500MB,500.00,4,2,5,4,0.767833,524288000,651.1833,True
2026-10-04T20:05:49.946084,pool,500MB,500.00,4,4,1,1,1.193789,524288000,418.8345,True
2026-10-04T20:05:49.946755,pool,500MB,500.00,4,4,1,2,1.241915,524288000,402.6040,True
2026-10-04T20:05:49.947184,pool,500MB,500.00,4,4,1,3,1.225046,524288000,408.1481,True
2026-10-04T20:05:49.947502,pool,500MB,500.00,4,4,1,4,1.195431,524288000,418.2593,True
2026-10-04T20:05:51.673434,pool,500MB,500.00,4,4,2,1,1.541013,524288000,324.4619,True
2026-10-04T20:05:51.673875,pool,500MB,500.00,4,4,2,2,1.504609,524288000,332.3123,True
2026-10-04T20:05:51.674239,pool,500MB,500.00,4,4,2,3,1.268583,524288000,394.1405,True
2026-10-04T20:05:51.674567,pool,500MB,500.00,4,4,2,4,1.273180,524288000,392.7175,True
2026-10-04T20:05:53.021304,pool,500MB,500.00,4,4,3,1,1.172206,524288000,426.5462,True
2026-10-04T20:05:53.021818,pool,500MB,500.00,4,4,3,2,1.191044,524288000,419.7997,True
2026-10-04T20:05:53.022126,pool,500MB,500.00,4,4,3,3,1.172545,524288000,426.4229,True
2026-10-04T20:05:53.022402,pool,500MB,500.00,4,4,3,4,1.184014,524288000,422.2922,True
2026-10-04T20:05:54.877807,pool,500MB,500.00,4,4,4,1,1.699424,524288000,294.2174,True
2026-10-04T20:05:54.878766,pool,500MB,500.00,4,4,4,2,1.571071,524288000,318.2543,True
2026-10-04T20:05:54.879384,pool,500MB,500.00,4,4,4,3,1.559322,524288000,320.6522,True
2026-10-04T20:05:54.880187,pool,500MB,500.00,4,4,4,4,1.612026,524288000,310.1687,True
2026-10-04T20:05:57.739153,pool,500MB,500.00,4,4,5,1,2.698977,524288000,185.2554,True
2026-10-04T20:05:57.740560,pool,500MB,500.00,4,4,5,2,2.672384,524288000,187.0989,True
2026-10-04T20:05:57.742316,pool,500MB,500.00,4,4,5,3,2.563937,524288000,195.0126,True
2026-10-04T20:05:57.742972,pool,500MB,500.00,4,4,5,4,2.554311,524288000,195.7475,True
2026-10-04T20:06:00.578673,pool,500MB,500.00,4,8,1,1,2.421599,524288000,206.4751,True
2026-10-04T20:06:00.579894,pool,500MB,500.00,4,8,1,2,2.677223,524288000,186.7607,True
2026-10-04T20:06:00.580677,pool,500MB,500.00,4,8,1,3,2.679212,524288000,186.6220,True
2026-10-04T20:06:00.581272,pool,500MB,500.00,4,8,1,4,2.391859,524288000,209.0424,True
2026-10-04T20:06:03.289537,pool,500MB,500.00,4,8,2,1,2.548768,524288000,196.1732,True
2026-10-04T20:06:03.293459,pool,500MB,500.00,4,8,2,2,2.366811,524288000,211.2547,True
2026-10-04T20:06:03.297299,pool,500MB,500.00,4,8,2,3,2.410711,524288000,207.4077,True
2026-10-04T20:06:03.301868,pool,500MB,500.00,4,8,2,4,2.538584,524288000,196.9602,True
2026-10-04T20:06:05.916487,pool,500MB,500.00,4,8,3,1,2.368859,524288000,211.0720,True
2026-10-04T20:06:05.917573,pool,500MB,500.00,4,8,3,2,2.455969,524288000,203.5857,True
2026-10-04T20:06:05.918490,pool,500MB,500.00,4,8,3,3,2.369950,524288000,210.9750,True
2026-10-04T20:06:05.919264,pool,500MB,500.00,4,8,3,4,2.454777,524288000,203.6845,True
2026-10-04T20:06:08.573897,pool,500MB,500.00,4,8,4,1,2.495252,524288000,200.3805,True
2026-10-04T20:06:08.575297,pool,500MB,500.00,4,8,4,2,2.487816,524288000,200.9795,True
2026-10-04T20:06:08.576269,pool,500MB,500.00,4,8,4,3,2.464471,524288000,202.8833,True
2026-10-04T20:06:08.576904,pool,500MB,500.00,4,8,4,4,2.462989,524288000,203.0054,True
2026-10-04T20:06:11.164927,pool,500MB,500.00,4,8,5,1,2.417332,524288000,206.8396,True
2026-10-04T20:06:11.166329,pool,500MB,500.00,4,8,5,2,2.379155,524288000,210.1587,True
2026-10-04T20:06:11.167259,pool,500MB,500.00,4,8,5,3,2.334905,524288000,214.1415,True
2026-10-04T20:06:11.168157,pool,500MB,500.00,4,8,5,4,2.326527,524288000,214.9126,True
2026-10-04T20:06:23.530391,p2p,500MB,500.00,4,N/A,1,1,11.720470,524288000,42.6604,True
2026-10-04T20:06:23.531733,p2p,500MB,500.00,4,N/A,1,2,11.719213,524288000,42.6650,True
2026-10-04T20:06:23.532964,p2p,500MB,500.00,4,N/A,1,3,11.578545,524288000,43.1833,True
2026-10-04T20:06:23.534560,p2p,500MB,500.00,4,N/A,1,4,11.579249,524288000,43.1807,True
2026-10-04T20:06:34.647219,p2p,500MB,500.00,4,N/A,2,1,10.485405,524288000,47.6853,True
2026-10-04T20:06:34.648455,p2p,500MB,500.00,4,N/A,2,2,10.593430,524288000,47.1991,True
2026-10-04T20:06:34.649481,p2p,500MB,500.00,4,N/A,2,3,10.608140,524288000,47.1336,True
2026-10-04T20:06:34.650719,p2p,500MB,500.00,4,N/A,2,4,10.232238,524288000,48.8652,True
2026-10-04T20:06:45.021932,p2p,500MB,500.00,4,N/A,3,1,9.882459,524288000,50.5947,True
2026-10-04T20:06:45.022860,p2p,500MB,500.00,4,N/A,3,2,9.793877,524288000,51.0523,True
2026-10-04T20:06:45.023637,p2p,500MB,500.00,4,N/A,3,3,9.792215,524288000,51.0610,True
2026-10-04T20:06:45.024567,p2p,500MB,500.00,4,N/A,3,4,9.840754,524288000,50.8091,True
2026-10-04T20:06:55.554313,p2p,500MB,500.00,4,N/A,4,1,9.940005,524288000,50.3018,True
2026-10-04T20:06:55.555644,p2p,500MB,500.00,4,N/A,4,2,9.969608,524288000,50.1524,True
2026-10-04T20:06:55.558271,p2p,500MB,500.00,4,N/A,4,3,9.816720,524288000,50.9335,True
2026-10-04T20:06:55.558796,p2p,500MB,500.00,4,N/A,4,4,10.032483,524288000,49.8381,True
2026-10-04T20:07:05.698243,p2p,500MB,500.00,4,N/A,5,1,9.429948,524288000,53.0226,True
2026-10-04T20:07:05.698974,p2p,500MB,500.00,4,N/A,5,2,9.636963,524288000,51.8836,True
2026-10-04T20:07:05.699374,p2p,500MB,500.00,4,N/A,5,3,9.608523,524288000,52.0371,True
2026-10-04T20:07:05.699811,p2p,500MB,500.00,4,N/A,5,4,9.690391,524288000,51.5975,True
2026-10-04T20:07:10.792990,sequential,500MB,500.00,8,N/A,1,1,0.560603,524288000,891.8969,True
2026-10-04T20:07:10.794412,sequential,500MB,500.00,8,N/A,1,2,2.759931,524288000,181.1640,True
2026-10-04T20:07:10.795048,sequential,500MB,500.00,8,N/A,1,3,3.367093,524288000,148.4960,True
2026-10-04T20:07:10.795422,sequential,500MB,500.00,8,N/A,1,4,4.936784,524288000,101.2805,True
2026-10-04T20:07:10.795800,sequential,500MB,500.00,8,N/A,1,5,1.398952,524288000,357.4104,True
2026-10-04T20:07:10.796152,sequential,500MB,500.00,8,N/A,1,6,3.933931,524288000,127.0993,True
2026-10-04T20:07:10.796520,sequential,500MB,500.00,8,N/A,1,7,2.134830,524288000,234.2107,True
2026-10-04T20:07:10.796805,sequential,500MB,500.00,8,N/A,1,8,4.379142,524288000,114.1776,True
2026-10-04T20:07:18.005600,sequential,500MB,500.00,8,N/A,2,1,2.808574,524288000,178.0263,True
2026-10-04T20:07:18.006017,sequential,500MB,500.00,8,N/A,2,2,5.661531,524288000,88.3153,True
2026-10-04T20:07:18.006373,sequential,500MB,500.00,8,N/A,2,3,4.342064,524288000,115.1526,True
2026-10-04T20:07:18.006629,sequential,500MB,500.00,8,N/A,2,4,1.512404,524288000,330.5994,True
2026-10-04T20:07:18.006857,sequential,500MB,500.00,8,N/A,2,5,6.531142,524288000,76.5563,True
2026-10-04T20:07:18.007088,sequential,500MB,500.00,8,N/A,2,6,7.047273,524288000,70.9494,True
2026-10-04T20:07:18.007340,sequential,500MB,500.00,8,N/A,2,7,0.998918,524288000,500.5418,True
2026-10-04T20:07:18.007666,sequential,500MB,500.00,8,N/A,2,8,0.494630,524288000,1010.8572,True
2026-10-04T20:07:22.283269,sequential,500MB,500.00,8,N/A,3,1,3.008562,524288000,166.1923,True
2026-10-04T20:07:22.283921,sequential,500MB,500.00,8,N/A,3,2,2.547045,524288000,196.3059,True
2026-10-04T20:07:22.284302,sequential,500MB,500.00,8,N/A,3,3,0.542262,524288000,922.0642,True
2026-10-04T20:07:22.284628,sequential,500MB,500.00,8,N/A,3,4,0.999450,524288000,500.2752,True
2026-10-04T20:07:22.284983,sequential,500MB,500.00,8,N/A,3,5,2.052813,524288000,243.5682,True
2026-10-04T20:07:22.285312,sequential,500MB,500.00,8,N/A,3,6,1.534445,524288000,325.8507,True
2026-10-04T20:07:22.285659,sequential,500MB,500.00,8,N/A,3,7,4.113124,524288000,121.5621,True
2026-10-04T20:07:22.285982,sequential,500MB,500.00,8,N/A,3,8,3.550365,524288000,140.8306,True
2026-10-04T20:07:27.473248,sequential,500MB,500.00,8,N/A,4,1,3.214785,524288000,155.5314,True
2026-10-04T20:07:27.473634,sequential,500MB,500.00,8,N/A,4,2,5.010612,524288000,99.7882,True
2026-10-04T20:07:27.473891,sequential,500MB,500.00,8,N/A,4,3,0.594647,524288000,840.8357,True
2026-10-04T20:07:27.474126,sequential,500MB,500.00,8,N/A,4,4,1.739098,524288000,287.5053,True
2026-10-04T20:07:27.474347,sequential,500MB,500.00,8,N/A,4,5,4.301807,524288000,116.2302,True
2026-10-04T20:07:27.478910,sequential,500MB,500.00,8,N/A,4,6,2.482318,524288000,201.4246,True
2026-10-04T20:07:27.479363,sequential,500MB,500.00,8,N/A,4,7,3.765467,524288000,132.7857,True
2026-10-04T20:07:27.479818,sequential,500MB,500.00,8,N/A,4,8,1.198137,524288000,417.3144,True
2026-10-04T20:07:32.141467,sequential,500MB,500.00,8,N/A,5,1,1.646530,524288000,303.6690,True
2026-10-04T20:07:32.141843,sequential,500MB,500.00,8,N/A,5,2,0.596598,524288000,838.0847,True
2026-10-04T20:07:32.142108,sequential,500MB,500.00,8,N/A,5,3,2.220070,524288000,225.2181,True
2026-10-04T20:07:32.142359,sequential,500MB,500.00,8,N/A,5,4,4.503179,524288000,111.0327,True
2026-10-04T20:07:32.142605,sequential,500MB,500.00,8,N/A,5,5,3.944901,524288000,126.7459,True
2026-10-04T20:07:32.143085,sequential,500MB,500.00,8,N/A,5,6,2.827346,524288000,176.8443,True
2026-10-04T20:07:32.143814,sequential,500MB,500.00,8,N/A,5,7,3.430223,524288000,145.7631,True
2026-10-04T20:07:32.144375,sequential,500MB,500.00,8,N/A,5,8,1.182201,524288000,422.9399,True
2026-10-04T20:07:35.301167,concurrent,500MB,500.00,8,N/A,1,1,2.997412,524288000,166.8106,True
2026-10-04T20:07:35.301645,concurrent,500MB,500.00,8,N/A,1,2,2.889952,524288000,173.0133,True
2026-10-04T20:07:35.301973,concurrent,500MB,500.00,8,N/A,1,3,2.972618,524288000,168.2019,True
2026-10-04T20:07:35.302268,concurrent,500MB,500.00,8,N/A,1,4,2.764498,524288000,180.8646,True
2026-10-04T20:07:35.302578,concurrent,500MB,500.00,8,N/A,1,5,2.991587,524288000,167.1354,True
2026-10-04T20:07:35.302837,concurrent,500MB,500.00,8,N/A,1,6,2.871133,524288000,174.1473,True
2026-10-04T20:07:35.303100,concurrent,500MB,500.00,8,N/A,1,7,2.984114,524288000,167.5539,True
2026-10-04T20:07:35.303390,concurrent,500MB,500.00,8,N/A,1,8,2.843973,524288000,175.8104,True
2026-10-04T20:07:38.763412,concurrent,500MB,500.00,8,N/A,2,1,2.827829,524288000,176.8141,True
2026-10-04T20:07:38.764379,concurrent,500MB,500.00,8,N/A,2,2,2.826601,524288000,176.8909,True
2026-10-04T20:07:38.765039,concurrent,500MB,500.00,8,N/A,2,3,2.884847,524288000,173.3194,True
2026-10-04T20:07:38.765468,concurrent,500MB,500.00,8,N/A,2,4,2.882862,524288000,173.4387,True
2026-10-04T20:07:38.765805,concurrent,500MB,500.00,8,N/A,2,5,3.282610,524288000,152.3178,True
2026-10-04T20:07:38.766131,concurrent,500MB,500.00,8,N/A,2,6,3.302672,524288000,151.3926,True
2026-10-04T20:07:38.766415,concurrent,500MB,500.00,8,N/A,2,7,3.298120,524288000,151.6015,True
2026-10-04T20:07:38.766702,concurrent,500MB,500.00,8,N/A,2,8,3.302344,524288000,151.4076,True
2026-10-04T20:07:42.213471,concurrent,500MB,500.00,8,N/A,3,1,3.274288,524288000,152.7050,True
2026-10-04T20:07:42.214260,concurrent,500MB,500.00,8,N/A,3,2,2.728643,524288000,183.2413,True
2026-10-04T20:07:42.215069,concurrent,500MB,500.00,8,N/A,3,3,3.266615,524288000,153.0637,True
2026-10-04T20:07:42.215399,concurrent,500MB,500.00,8,N/A,3,4,2.870446,524288000,174.1889,True
2026-10-04T20:07:42.215731,concurrent,500MB,500.00,8,N/A,3,5,2.827132,524288000,176.8577,True
2026-10-04T20:07:42.216004,concurrent,500MB,500.00,8,N/A,3,6,2.842143,524288000,175.9236,True
2026-10-04T20:07:42.216256,concurrent,500MB,500.00,8,N/A,3,7,3.285358,524288000,152.1904,True
2026-10-04T20:07:42.216528,concurrent,500MB,500.00,8,N/A,3,8,3.261231,524288000,153.3163,True
2026-10-04T20:07:45.554067,concurrent,500MB,500.00,8,N/A,4,1,2.823274,524288000,177.0993,True
2026-10-04T20:07:45.554614,concurrent,500MB,500.00,8,N/A,4,2,3.152762,524288000,158.5911,True
2026-10-04T20:07:45.555116,concurrent,500MB,500.00,8,N/A,4,3,2.869489,524288000,174.2470,True
2026-10-04T20:07:45.555565,concurrent,500MB,500.00,8,N/A,4,4,3.179181,524288000,157.2732,True
2026-10-04T20:07:45.555948,concurrent,500MB,500.00,8,N/A,4,5,3.159135,524288000,158.2712,True
2026-10-04T20:07:45.556309,concurrent,500MB,500.00,8,N/A,4,6,3.173667,524288000,157.5465,True
2026-10-04T20:07:45.556640,concurrent,500MB,500.00,8,N/A,4,7,2.899891,524288000,172.4202,True
2026-10-04T20:07:45.556994,concurrent,500MB,500.00,8,N/A,4,8,2.867543,524288000,174.3653,True
2026-10-04T20:07:49.063838,concurrent,500MB,500.00,8,N/A,5,1,2.776429,524288000,180.0874,True
2026-10-04T20:07:49.065053,concurrent,500MB,500.00,8,N/A,5,2,3.265653,524288000,153.1087,True
2026-10-04T20:07:49.065933,concurrent,500MB,500.00,8,N/A,5,3,2.744621,524288000,182.1745,True
2026-10-04T20:07:49.066648,concurrent,500MB,500.00,8,N/A,5,4,2.828822,524288000,176.7520,True
2026-10-04T20:07:49.067165,concurrent,500MB,500.00,8,N/A,5,5,2.802485,524288000,178.4131,True
2026-10-04T20:07:49.067674,concurrent,500MB,500.00,8,N/A,5,6,3.261914,524288000,153.2842,True
2026-10-04T20:07:49.068114,concurrent,500MB,500.00,8,N/A,5,7,3.290568,524288000,151.9495,True
2026-10-04T20:07:49.068560,concurrent,500MB,500.00,8,N/A,5,8,3.263030,524288000,153.2318,True
2026-10-04T20:07:52.093934,pool,500MB,500.00,8,2,1,1,2.151180,524288000,232.4306,True
2026-10-04T20:07:52.094375,pool,500MB,500.00,8,2,1,2,1.400880,524288000,356.9185,True
2026-10-04T20:07:52.094685,pool,500MB,500.00,8,2,1,3,2.869327,524288000,174.2569,True
2026-10-04T20:07:52.094921,pool,500MB,500.00,8,2,1,4,2.734322,524288000,182.8607,True
2026-10-04T20:07:52.095203,pool,500MB,500.00,8,2,1,5,2.054315,524288000,243.3902,True
2026-10-04T20:07:52.095941,pool,500MB,500.00,8,2,1,6,0.750145,524288000,666.5376,True
2026-10-04T20:07:52.096537,pool,500MB,500.00,8,2,1,7,0.711921,524288000,702.3251,True
2026-10-04T20:07:52.097068,pool,500MB,500.00,8,2,1,8,1.340017,524288000,373.1295,True
2026-10-04T20:07:55.391988,pool,500MB,500.00,8,2,2,1,2.385085,524288000,209.6361,True
2026-10-04T20:07:55.392396,pool,500MB,500.00,8,2,2,2,1.600599,524288000,312.3830,True
2026-10-04T20:07:55.392717,pool,500MB,500.00,8,2,2,3,2.423330,524288000,206.3277,True
2026-10-04T20:07:55.393005,pool,500MB,500.00,8,2,2,4,1.614686,524288000,309.6577,True
2026-10-04T20:07:55.393288,pool,500MB,500.00,8,2,2,5,0.725916,524288000,688.7846,True
2026-10-04T20:07:55.393560,pool,500MB,500.00,8,2,2,6,3.137535,524288000,159.3608,True
2026-10-04T20:07:55.393854,pool,500MB,500.00,8,2,2,7,3.099118,524288000,161.3362,True
2026-10-04T20:07:55.394103,pool,500MB,500.00,8,2,2,8,0.726446,524288000,688.2822,True
2026-10-04T20:07:58.111326,pool,500MB,500.00,8,2,3,1,0.724396,524288000,690.2298,True
2026-10-04T20:07:58.111751,pool,500MB,500.00,8,2,3,2,2.526113,524288000,197.9326,True
2026-10-04T20:07:58.111996,pool,500MB,500.00,8,2,3,3,2.557807,524288000,195.4799,True
2026-10-04T20:07:58.112256,pool,500MB,500.00,8,2,3,4,1.943835,524288000,257.2235,True
2026-10-04T20:07:58.112528,pool,500MB,500.00,8,2,3,5,1.319737,524288000,378.8634,True
2026-10-04T20:07:58.112916,pool,500MB,500.00,8,2,3,6,1.913042,524288000,261.3638,True
2026-10-04T20:07:58.114304,pool,500MB,500.00,8,2,3,7,1.319819,524288000,378.8399,True
2026-10-04T20:07:58.115417,pool,500MB,500.00,8,2,3,8,0.723576,524288000,691.0124,True
2026-10-04T20:08:05.153059,pool,500MB,500.00,8,2,4,1,1.437147,524288000,347.9116,True
2026-10-04T20:08:05.153896,pool,500MB,500.00,8,2,4,2,3.160059,524288000,158.2249,True
2026-10-04T20:08:05.154708,pool,500MB,500.00,8,2,4,3,3.039659,524288000,164.4921,True
2026-10-04T20:08:05.155361,pool,500MB,500.00,8,2,4,4,6.877684,524288000,72.6989,True
2026-10-04T20:08:05.156161,pool,500MB,500.00,8,2,4,5,1.212530,524288000,412.3609,True
2026-10-04T20:08:05.156934,pool,500MB,500.00,8,2,4,6,6.854508,524288000,72.9447,True
2026-10-04T20:08:05.157966,pool,500MB,500.00,8,2,4,7,4.667597,524288000,107.1215,True
2026-10-04T20:08:05.158968,pool,500MB,500.00,8,2,4,8,4.772364,524288000,104.7699,True
2026-10-04T20:08:11.770162,pool,500MB,500.00,8,2,5,1,1.599670,524288000,312.5646,True
2026-10-04T20:08:11.771177,pool,500MB,500.00,8,2,5,2,4.721919,524288000,105.8891,True
2026-10-04T20:08:11.771891,pool,500MB,500.00,8,2,5,3,4.727694,524288000,105.7598,True
2026-10-04T20:08:11.772643,pool,500MB,500.00,8,2,5,4,1.597469,524288000,312.9951,True
2026-10-04T20:08:11.773418,pool,500MB,500.00,8,2,5,5,3.143909,524288000,159.0377,True
2026-10-04T20:08:11.774144,pool,500MB,500.00,8,2,5,6,6.447191,524288000,77.5532,True
2026-10-04T20:08:11.775093,pool,500MB,500.00,8,2,5,7,6.398818,524288000,78.1394,True
2026-10-04T20:08:11.775796,pool,500MB,500.00,8,2,5,8,3.143558,524288000,159.0554,True
2026-10-04T20:08:17.519963,pool,500MB,500.00,8,4,1,1,5.578154,524288000,89.6354,True
2026-10-04T20:08:17.521143,pool,500MB,500.00,8,4,1,2,3.023352,524288000,165.3794,True
2026-10-04T20:08:17.521937,pool,500MB,500.00,8,4,1,3,2.612473,524288000,191.3895,True
2026-10-04T20:08:17.522734,pool,500MB,500.00,8,4,1,4,5.194929,524288000,96.2477,True
2026-10-04T20:08:17.523482,pool,500MB,500.00,8,4,1,5,2.634506,524288000,189.7889,True
2026-10-04T20:08:17.524455,pool,500MB,500.00,8,4,1,6,5.201917,524288000,96.1184,True
2026-10-04T20:08:17.525189,pool,500MB,500.00,8,4,1,7,3.025067,524288000,165.2856,True
2026-10-04T20:08:17.525973,pool,500MB,500.00,8,4,1,8,5.573350,524288000,89.7126,True
2026-10-04T20:08:22.994134,pool,500MB,500.00,8,4,2,1,5.053822,524288000,98.9350,True
2026-10-04T20:08:22.995103,pool,500MB,500.00,8,4,2,2,2.730764,524288000,183.0990,True
2026-10-04T20:08:22.995909,pool,500MB,500.00,8,4,2,3,5.301880,524288000,94.3062,True
2026-10-04T20:08:22.996526,pool,500MB,500.00,8,4,2,4,5.278470,524288000,94.7244,True
2026-10-04T20:08:22.997167,pool,500MB,500.00,8,4,2,5,2.731712,524288000,183.0354,True
2026-10-04T20:08:22.997937,pool,500MB,500.00,8,4,2,6,2.574067,524288000,194.2452,True
2026-10-04T20:08:22.998542,pool,500MB,500.00,8,4,2,7,5.050899,524288000,98.9923,True
2026-10-04T20:08:22.999370,pool,500MB,500.00,8,4,2,8,2.575042,524288000,194.1716,True
2026-10-04T20:08:28.025321,pool,500MB,500.00,8,4,3,1,2.453645,524288000,203.7785,True
2026-10-04T20:08:28.026433,pool,500MB,500.00,8,4,3,2,4.862149,524288000,102.8352,True
2026-10-04T20:08:28.027221,pool,500MB,500.00,8,4,3,3,4.862146,524288000,102.8352,True
2026-10-04T20:08:28.028207,pool,500MB,500.00,8,4,3,4,2.261187,524288000,221.1228,True
2026-10-04T20:08:28.028873,pool,500MB,500.00,8,4,3,5,2.453572,524288000,203.7845,True
2026-10-04T20:08:28.029455,pool,500MB,500.00,8,4,3,6,4.660918,524288000,107.2750,True
2026-10-04T20:08:28.029903,pool,500MB,500.00,8,4,3,7,4.655382,524288000,107.4026,True
2026-10-04T20:08:28.030388,pool,500MB,500.00,8,4,3,8,2.257316,524288000,221.5019,True
2026-10-04T20:08:33.222544,pool,500MB,500.00,8,4,4,1,2.334342,524288000,214.1931,True
2026-10-04T20:08:33.223537,pool,500MB,500.00,8,4,4,2,4.578014,524288000,109.2177,True
2026-10-04T20:08:33.224301,pool,500MB,500.00,8,4,4,3,4.576951,524288000,109.2430,True
2026-10-04T20:08:33.224985,pool,500MB,500.00,8,4,4,4,2.619334,524288000,190.8882,True
2026-10-04T20:08:33.225802,pool,500MB,500.00,8,4,4,5,2.334329,524288000,214.1943,True
2026-10-04T20:08:33.226670,pool,500MB,500.00,8,4,4,6,2.674051,524288000,186.9823,True
2026-10-04T20:08:33.227543,pool,500MB,500.00,8,4,4,7,5.004134,524288000,99.9174,True
2026-10-04T20:08:33.228232,pool,500MB,500.00,8,4,4,8,5.002786,524288000,99.9443,True
2026-10-04T20:08:38.610745,pool,500MB,500.00,8,4,5,1,4.628836,524288000,108.0185,True
2026-10-04T20:08:38.611410,pool,500MB,500.00,8,4,5,2,5.219567,524288000,95.7934,True
2026-10-04T20:08:38.611916,pool,500MB,500.00,8,4,5,3,2.291476,524288000,218.2000,True
2026-10-04T20:08:38.612509,pool,500MB,500.00,8,4,5,4,2.819018,524288000,177.3667,True
2026-10-04T20:08:38.612935,pool,500MB,500.00,8,4,5,5,2.285173,524288000,218.8018,True
2026-10-04T20:08:38.613733,pool,500MB,500.00,8,4,5,6,4.616352,524288000,108.3106,True
2026-10-04T20:08:38.614599,pool,500MB,500.00,8,4,5,7,5.206690,524288000,96.0303,True
2026-10-04T20:08:38.615281,pool,500MB,500.00,8,4,5,8,2.780317,524288000,179.8356,True
2026-10-04T20:08:44.300579,pool,500MB,500.00,8,8,1,1,3.805537,524288000,131.3875,True
2026-10-04T20:08:44.310288,pool,500MB,500.00,8,8,1,2,4.088026,524288000,122.3084,True
2026-10-04T20:08:44.310985,pool,500MB,500.00,8,8,1,3,5.051098,524288000,98.9884,True
2026-10-04T20:08:44.311884,pool,500MB,500.00,8,8,1,4,5.235022,524288000,95.5106,True
2026-10-04T20:08:44.316513,pool,500MB,500.00,8,8,1,5,3.807194,524288000,131.3303,True
2026-10-04T20:08:44.326755,pool,500MB,500.00,8,8,1,6,5.051133,524288000,98.9877,True
2026-10-04T20:08:44.329065,pool,500MB,500.00,8,8,1,7,3.966475,524288000,126.0565,True
2026-10-04T20:08:44.329839,pool,500MB,500.00,8,8,1,8,5.518665,524288000,90.6016,True
2026-10-04T20:08:50.736990,pool,500MB,500.00,8,8,2,1,4.610458,524288000,108.4491,True
2026-10-04T20:08:50.737920,pool,500MB,500.00,8,8,2,2,6.135060,524288000,81.4988,True
2026-10-04T20:08:50.740535,pool,500MB,500.00,8,8,2,3,4.179953,524288000,119.6186,True
2026-10-04T20:08:50.742194,pool,500MB,500.00,8,8,2,4,4.121570,524288000,121.3130,True
2026-10-04T20:08:50.743365,pool,500MB,500.00,8,8,2,5,4.848521,524288000,103.1242,True
2026-10-04T20:08:50.744289,pool,500MB,500.00,8,8,2,6,6.132364,524288000,81.5346,True
2026-10-04T20:08:50.745280,pool,500MB,500.00,8,8,2,7,6.216692,524288000,80.4286,True
2026-10-04T20:08:50.746103,pool,500MB,500.00,8,8,2,8,6.236475,524288000,80.1735,True
2026-10-04T20:08:56.953995,pool,500MB,500.00,8,8,3,1,6.007706,524288000,83.2264,True
2026-10-04T20:08:56.954978,pool,500MB,500.00,8,8,3,2,6.032946,524288000,82.8782,True
2026-10-04T20:08:56.955950,pool,500MB,500.00,8,8,3,3,3.891279,524288000,128.4925,True
2026-10-04T20:08:56.956881,pool,500MB,500.00,8,8,3,4,4.525546,524288000,110.4839,True
2026-10-04T20:08:56.957917,pool,500MB,500.00,8,8,3,5,4.578614,524288000,109.2034,True
2026-10-04T20:08:56.958606,pool,500MB,500.00,8,8,3,6,3.814166,524288000,131.0903,True
2026-10-04T20:08:56.959126,pool,500MB,500.00,8,8,3,7,6.046131,524288000,82.6975,True
2026-10-04T20:08:56.959537,pool,500MB,500.00,8,8,3,8,6.017827,524288000,83.0865,True
2026-10-04T20:09:02.486748,pool,500MB,500.00,8,8,4,1,5.306961,524288000,94.2159,True
2026-10-04T20:09:02.488265,pool,500MB,500.00,8,8,4,2,4.019350,524288000,124.3982,True
2026-10-04T20:09:02.489308,pool,500MB,500.00,8,8,4,3,4.339159,524288000,115.2297,True
2026-10-04T20:09:02.490291,pool,500MB,500.00,8,8,4,4,4.414818,524288000,113.2550,True
2026-10-04T20:09:02.491493,pool,500MB,500.00,8,8,4,5,5.317753,524288000,94.0247,True
2026-10-04T20:09:02.492390,pool,500MB,500.00,8,8,4,6,5.341430,524288000,93.6079,True
2026-10-04T20:09:02.493215,pool,500MB,500.00,8,8,4,7,4.335645,524288000,115.3231,True
2026-10-04T20:09:02.494003,pool,500MB,500.00,8,8,4,8,5.364450,524288000,93.2062,True
2026-10-04T20:09:07.747758,pool,500MB,500.00,8,8,5,1,5.086601,524288000,98.2975,True
2026-10-04T20:09:07.749177,pool,500MB,500.00,8,8,5,2,4.344313,524288000,115.0930,True
2026-10-04T20:09:07.750046,pool,500MB,500.00,8,8,5,3,4.330614,524288000,115.4571,True
2026-10-04T20:09:07.750895,pool,500MB,500.00,8,8,5,4,4.333819,524288000,115.3717,True
2026-10-04T20:09:07.751791,pool,500MB,500.00,8,8,5,5,4.347031,524288000,115.0210,True
2026-10-04T20:09:07.752608,pool,500MB,500.00,8,8,5,6,5.014716,524288000,99.7065,True
2026-10-04T20:09:07.753482,pool,500MB,500.00,8,8,5,7,5.023905,524288000,99.5242,True
2026-10-04T20:09:07.754250,pool,500MB,500.00,8,8,5,8,5.019602,524288000,99.6095,True
2026-10-04T20:09:33.349572,p2p,500MB,500.00,8,N/A,1,1,23.741025,524288000,21.0606,True
2026-10-04T20:09:33.350903,p2p,500MB,500.00,8,N/A,1,2,23.602125,524288000,21.1845,True
2026-10-04T20:09:33.351354,p2p,500MB,500.00,8,N/A,1,3,24.204323,524288000,20.6575,True
2026-10-04T20:09:33.351724,p2p,500MB,500.00,8,N/A,1,4,23.787651,524288000,21.0193,True
2026-10-04T20:09:33.352079,p2p,500MB,500.00,8,N/A,1,5,24.223633,524288000,20.6410,True
2026-10-04T20:09:33.352417,p2p,500MB,500.00,8,N/A,1,6,24.243659,524288000,20.6239,True
2026-10-04T20:09:33.352740,p2p,500MB,500.00,8,N/A,1,7,24.048299,524288000,20.7915,True
2026-10-04T20:09:33.353105,p2p,500MB,500.00,8,N/A,1,8,24.032097,524288000,20.8055,True
2026-10-04T20:09:56.792935,p2p,500MB,500.00,8,N/A,2,1,22.336876,524288000,22.3845,True
2026-10-04T20:09:56.799033,p2p,500MB,500.00,8,N/A,2,2,22.221071,524288000,22.5012,True
2026-10-04T20:09:56.801740,p2p,500MB,500.00,8,N/A,2,3,21.857662,524288000,22.8753,True
2026-10-04T20:09:56.803570,p2p,500MB,500.00,8,N/A,2,4,22.148329,524288000,22.5751,True
2026-10-04T20:09:56.805699,p2p,500MB,500.00,8,N/A,2,5,22.438406,524288000,22.2832,True
2026-10-04T20:09:56.806677,p2p,500MB,500.00,8,N/A,2,6,22.418600,524288000,22.3029,True
2026-10-04T20:09:56.807371,p2p,500MB,500.00,8,N/A,2,7,22.331429,524288000,22.3900,True
2026-10-04T20:09:56.808204,p2p,500MB,500.00,8,N/A,2,8,22.179517,524288000,22.5433,True
2026-10-04T20:10:18.846253,p2p,500MB,500.00,8,N/A,3,1,20.935929,524288000,23.8824,True
2026-10-04T20:10:18.852202,p2p,500MB,500.00,8,N/A,3,2,21.094076,524288000,23.7033,True
2026-10-04T20:10:18.853095,p2p,500MB,500.00,8,N/A,3,3,20.520912,524288000,24.3654,True
2026-10-04T20:10:18.854867,p2p,500MB,500.00,8,N/A,3,4,20.998954,524288000,23.8107,True
2026-10-04T20:10:18.855834,p2p,500MB,500.00,8,N/A,3,5,20.909698,524288000,23.9123,True
2026-10-04T20:10:18.856658,p2p,500MB,500.00,8,N/A,3,6,20.519026,524288000,24.3676,True
2026-10-04T20:10:18.857366,p2p,500MB,500.00,8,N/A,3,7,21.025545,524288000,23.7806,True
2026-10-04T20:10:18.857995,p2p,500MB,500.00,8,N/A,3,8,21.049512,524288000,23.7535,True
2026-10-04T20:10:41.166290,p2p,500MB,500.00,8,N/A,4,1,20.898456,524288000,23.9252,True
2026-10-04T20:10:41.167671,p2p,500MB,500.00,8,N/A,4,2,21.117991,524288000,23.6765,True
2026-10-04T20:10:41.168505,p2p,500MB,500.00,8,N/A,4,3,21.346243,524288000,23.4233,True
2026-10-04T20:10:41.169561,p2p,500MB,500.00,8,N/A,4,4,20.859491,524288000,23.9699,True
2026-10-04T20:10:41.170278,p2p,500MB,500.00,8,N/A,4,5,20.458307,524288000,24.4399,True
2026-10-04T20:10:41.170950,p2p,500MB,500.00,8,N/A,4,6,21.114540,524288000,23.6804,True
2026-10-04T20:10:41.171422,p2p,500MB,500.00,8,N/A,4,7,20.863205,524288000,23.9656,True
2026-10-04T20:10:41.172645,p2p,500MB,500.00,8,N/A,4,8,21.109247,524288000,23.6863,True
2026-10-04T20:11:03.230770,p2p,500MB,500.00,8,N/A,5,1,20.354628,524288000,24.5644,True
2026-10-04T20:11:03.231444,p2p,500MB,500.00,8,N/A,5,2,20.413709,524288000,24.4933,True
2026-10-04T20:11:03.232499,p2p,500MB,500.00,8,N/A,5,3,20.707901,524288000,24.1454,True
2026-10-04T20:11:03.233134,p2p,500MB,500.00,8,N/A,5,4,21.072104,524288000,23.7281,True
2026-10-04T20:11:03.233603,p2p,500MB,500.00,8,N/A,5,5,20.707844,524288000,24.1454,True
2026-10-04T20:11:03.234117,p2p,500MB,500.00,8,N/A,5,6,20.603278,524288000,24.2680,True
2026-10-04T20:11:03.234681,p2p,500MB,500.00,8,N/A,5,7,20.822489,524288000,24.0125,True
2026-10-04T20:11:03.235241,p2p,500MB,500.00,8,N/A,5,8,20.471581,524288000,24.4241,True
